author,text,likeCount,publishedAt
@TheYenbeo,Indonesia khÃ´ng thuáº§n chá»§ng.bá»‹ lai máº¥y dÃ²ng Ä‘á»i rá»“i .khÃ´ng cÃ³ báº£n sáº¯c dÃ¢n tá»™c,0,2024-11-01T10:55:50Z
@newsgetsold,This video did not show any of the shots or chances for Indonesia?,0,2024-10-10T16:35:56Z
@putragobs1017,"I may be an indonesian and sometimes hates the naturalized players. But they proud for their bloodlines in my country. So I kinda let them fine here.



Edit: I just hope sometimes Shin tae-yong would put the locals. Just look at Ernando. And now out of nowhere, he's part of the senior as well.",0,2024-10-09T12:08:55Z
@ElijahHull-z6z,How did the soccerwhos not score Omg,0,2024-10-05T20:45:12Z
@ã‚ã‚-l8w,Australia...This is red flag.,0,2024-10-04T21:09:32Z
@somnolence8754,Australia vs Netherlands II,0,2024-10-01T21:39:25Z
@GilbertConstance-s3u,Maybell Walk,0,2024-09-30T18:57:14Z
@Voyzka,I like all fair and respectful comments here. Bravos for both nations.,1,2024-09-30T07:45:17Z
@fareezyounghusband6563,The real monster in group c..is Australia..her finishing is verry2 dangerous..,0,2024-09-30T05:17:42Z
@iwansulistiyo272,ğŸ‡®ğŸ‡©ğŸ‡®ğŸ‡©,0,2024-09-30T04:30:43Z
@denyanggara5364,Sorry for bad field from indonesian fans,0,2024-09-30T03:33:13Z
@rizkalibna,ğŸ‡®ğŸ‡©ğŸ¦…,0,2024-09-30T01:23:48Z
@linksangkebon2606,Ranking just a numberğŸ˜‚,0,2024-09-27T10:11:32Z
@vinkofawzi,"Indonesia vs Australia âŒ
Netherlands vs Australia âœ…",0,2024-09-26T10:59:08Z
@Penny_Shufen,"Saya selalu bermimpi indonesia bisa bermain di piala dunia
Dan sekarang aku mulai merasakan kenyataan mimpi itu",0,2024-09-26T08:02:33Z
@AnakJapung-m8y,ğŸ‡®ğŸ‡©ğŸ’ª,0,2024-09-25T14:49:21Z
@KikiFaelani-sp8ir,Ya,0,2024-09-25T10:05:56Z
@CitraFabella,"ğŸ‡®ğŸ‡© menanti pertandingan melawan Jepang bukan tim negara lain, karena negara lain kami pikir skuad kami tidak jauh beda sama mereka peringkat bukan jaminan bagi Indonesia, pemain Indonesia bukan dari liga Indonesia tetapi dari, Belgia, Belanda, Amerika, inggris dan Italia.",1,2024-09-25T03:32:01Z
@EvanJuni-oe3mj,"134 vs 24!!!crazy ,ğŸ˜…ğŸ˜…ğŸ˜…ğŸ˜…ğŸ˜…ğŸ˜…0:0",4,2024-09-24T03:09:57Z
@sardorchoryev7443,Malayziya  uzbekiston sizlar bilan â¤,0,2024-09-23T12:25:24Z
@kabarkini7561,â¤â¤â¤ğŸ‰ğŸ‰,0,2024-09-23T08:23:18Z
@æ¸©ã‚ä¸­è¯çµ‚ã‚ã‚Šã¾ã—ãŸ,Go back to OFC!,0,2024-09-23T00:25:17Z
@vananvlog6838,Hay láº¯m Indonesia,0,2024-09-23T00:10:03Z
@ANUNAKI-b2y,Indonesiaâ¤,0,2024-09-22T20:04:36Z
@theblatantaussie1530,Cant wait to have to watch Australia qualify through another play off against Syria...,0,2024-09-22T10:47:52Z
@ambisisyurga8985,"Kesulitan menghadapi negara negara arab adalah, mereka pandai action dan mengulur waktu",0,2024-09-21T02:40:05Z
@netyarianiok9876,Australia Rank 24 vs Indonesia Rank 133 ğŸ¤”,1,2024-09-21T00:11:23Z
@Wlas-88,Malaydes fcğŸ˜‚,0,2024-09-20T18:22:08Z
@zulfanmaulana5266,Australia one of strongest team in Asia. Hope Indonesia further will join in the club. Love from Indonesia ğŸ‡®ğŸ‡©ğŸ¤ğŸ‡¦ğŸ‡º,0,2024-09-20T01:21:45Z
@Kamalanurizal,"MANYALA Abangku... 
I love indonesiaâ¤â¤",0,2024-09-19T18:33:29Z
@akubicara2776,Waktu lawan Arab saudi seharusnya kita bisa menang... Sayang depannya tumpul,0,2024-09-19T16:24:11Z
@iwantv813,Semoga Indonesia melangkah jauh dan bisa masuk piala dunia 2026 â¤,0,2024-09-19T02:48:50Z
@ENjux_Musik,"Australia tetaplah Australia yang selalu lolos ke piala dunia.
Dan kami Indonesia sedang berusaha menuju ke sana.",0,2024-09-18T12:49:20Z
@Manusiaaldous-x9y,â¤,0,2024-09-17T19:59:39Z
@ebigsutalagan9842,"Terimakasih australia, telah memberikan tim nasional kami pertarungan yang sengit..",0,2024-09-17T16:33:34Z
@Okka340,Supporter Timnas: Thank you for providing fair play,0,2024-09-17T16:18:41Z
@KensuChannel,Saudi Arabia and Australia are strong teams and have been regulars in the World Cup and they are on par with the strong East Asia. So it is only natural that Indonesia is very proud of holding a draw against a strong team that is ranked at the top of Asia.,0,2024-09-17T15:46:53Z
@moladex163,"ğŸ‡¯ğŸ‡µ
ğŸ‡®ğŸ‡©
ğŸ‡¦ğŸ‡º
ğŸ‡¸ğŸ‡¦
ğŸ‡§ğŸ‡­
ğŸ‡¨ğŸ‡³",0,2024-09-17T15:07:33Z
@FathirIlmi-ds3dd,Lagi santai kawan ğŸ˜…,0,2024-09-17T11:17:30Z
@juanindojorgijanad782,I think Indonesia drew a match with the Socceroos.,0,2024-09-17T08:14:05Z
@hezrienhomaximilliano9368,Mantap Indonesia. Indonesia melangkah ke Piala Dunia 2026,0,2024-09-17T03:32:00Z
@HanDavies,Rumput bosok,0,2024-09-17T02:09:33Z
@KamaludinGhayung,Marteen paesğŸ‘ ğŸ”¥,0,2024-09-16T23:53:23Z
@hikbalsuryana5780,Rank24ğŸ˜‚ğŸ˜‚ğŸ˜‚ğŸ˜‚,0,2024-09-16T12:45:42Z
@saoskecap-o8z,"saya jika jadi warga australia pasti akan marah ğŸ˜‚ ,negara dengan rank 24 tapi tidak bisa mencetak gol satupun ke negara rank 129 .walau disini australia mendominasi serangan tapi lini belakang indonesia terlalu tangguh dan juga tentunya disertai kberuntungan",0,2024-09-16T08:40:54Z
@AMWPICTURE,EASY VS FRUSTRATION,0,2024-09-16T04:53:37Z
@anggasutrisno8844,"Indonesia mengalami kemajuan pesat, Dan Australia Masuk dalam kategori Tim Terbaik. Semoga bisa bersatu memajukan sepak bola",0,2024-09-16T04:42:48Z
@ahmadrizaldi6728,I think AustraliağŸ‡¦ğŸ‡ºğŸ¨ğŸ¦˜ goodğŸ‘ğŸ‘ğŸ”‹ attacking,1,2024-09-16T03:59:02Z
@herusetiyadi5852,"Sama-sama bagus main nya.. 
Indonesia Australia good team",0,2024-09-16T03:20:00Z
@Navra-sc2ws,"Draw Against rank 130 national team who is tired after long flight is unacceptable bruh. Idk why i feel like we will lose against them in sydney. They will have another new half blood in their team, its  one of best eredivisie defender. And in future there are 4-5 grade a player who will be in par with irvin, souttar, etc. This group is core of hell hahaha. 4 team is world cup level.",0,2024-09-15T23:32:23Z
@zorkaep,King indo nii bos.....wellllğŸ˜Š,0,2024-09-15T17:38:14Z
@IwnStd-sb7ry,71000 fans are rock n amazing........the best suporter in asia n meybe in the world,55,2024-09-15T17:19:56Z
@uwen1980,Australia play very well but Indonesia team play strongger......never give up garuda....NOW OR NEVER....â¤,1,2024-09-15T16:20:37Z
@nuckymoralez297,Good game ğŸ˜ŠğŸ˜ŠğŸ˜Š,0,2024-09-15T14:03:16Z
@indahnyaberbagi4587,Sepak bola asia tenggara tidak bisa di anggap remeh..,0,2024-09-15T13:47:49Z
@ooharief,Let's Go The Garuda ğŸ¦…ğŸ‡®ğŸ‡©,2,2024-09-15T09:51:38Z
@HamidzandGecan,Nice ğŸ‡®ğŸ‡©âœŒï¸,0,2024-09-15T07:12:22Z
@vinandakencana8369,Both team are amazyng  goodjob Australia and Indonesia ğŸ’ªğŸ‘,0,2024-09-15T05:20:53Z
@thanhsonhuynh1160,Australian vs NetherlandsğŸ˜…ğŸ˜…ğŸ˜…ğŸ˜…,0,2024-09-15T04:23:35Z
@thegamexxx9011,too many naturalised player.local player too weak.should be banned frm playing,2,2024-09-15T01:54:32Z
@Theaussiemixer,"I'm just glad I got to enjoy watching Australia when we had the likes of Harry Kewell, Mark Viduka, Tim Cahil, Brett Emerton, Scott Chipperfield, John Aloisi, Lucas Neill, Mark Schwarzer etc",0,2024-09-15T00:12:01Z
@momsvett,in my opinion fired arnold immediately,0,2024-09-14T23:51:57Z
@FreeKickZone,Indonesia vs Australia+Scotland+Sudan= 0-0 ğŸ˜‚ğŸ˜‚ğŸ˜‚ğŸ˜‚ğŸ˜‚,3,2024-09-14T18:24:46Z
@cenima-yy6ej,Thank for yourcoming in indonesiaâ¤,0,2024-09-14T16:45:20Z
@nasrawiu7,"Saudi Arabia and Japan will qualify for the World Cup from this group, and the rest of the two teams in this group are not good. They will devour the Saudi team.",0,2024-09-14T16:40:58Z
@nasrawiu7,Ø¬Ù…Ø¹ÙŠÙ‡Ù… Ø§Ù†Ø¯Ù†ÙˆØ³ÙŠØ§ ÙˆØ§Ø³ØªØ±Ø§Ù„ÙŠØ§ Ø§Ù‚Ø²Ø§Ù… Ø§Ù…Ø§ Ø§Ù„Ù…Ù†ØªØ®Ø¨ Ø§Ù„Ø³Ø¹ÙˆØ¯ÙŠ ğŸ‡¸ğŸ‡¦ğŸ•‹,0,2024-09-14T16:38:58Z
@ignatiushendry9882,"Indonesia ğŸ‡®ğŸ‡©
Thanks australia",2,2024-09-14T14:22:41Z
@bryanleeyf87,All i see is Indonesia being dominated. They're going to crack sooner or later,0,2024-09-14T11:16:31Z
@MahmudNisa-b8g,ğŸ‡®ğŸ‡©,0,2024-09-14T06:44:19Z
@muhamadromdhon5213,"ç¥è´ºå°å°¼å–å¾—èƒœåˆ©ã€‚
æˆ‘ä»¬èµæ¯”äºšç¤¾åŒºæ„Ÿåˆ°éå¸¸è‡ªè±ªï¼Œå°åº¦å°¼è¥¿äºšå°†ç»§ç»­å–å¾—æˆåŠŸã€‚",0,2024-09-14T06:02:50Z
@jinjin8877,"æ—¥æœ¬äººã§ã™
ã“ã®çµæœã«ã¯æ­£ç›´å¤±æœ›ã—ã¾ã—ãŸ
æ—¥æœ¬ã«ã¨ã£ã¦ã‚ªãƒ¼ã‚¹ãƒˆãƒ©ãƒªã‚¢ã¯é•·å¹´ã®ãƒ©ã‚¤ãƒãƒ«ã ã¨æ€ã£ã¦ã„ã¾ã—ãŸ
æ˜”ã¯å¼·ã‹ã£ãŸã®ã«ã‚ªãƒ¼ã‚¹ãƒˆãƒ©ãƒªã‚¢ä»£è¡¨ã¯å¹´ã€…å¼±ããªã£ã¦ã„ã‚‹ã‚ˆã†ã«æ€ã„ã¾ã™
æ˜”ã‚ªãƒ¼ã‚¹ãƒˆãƒ©ãƒªã‚¢ã¯ã‚µãƒƒã‚«ãƒ¼ã®äººæ°—ãŒç„¡ãã¦ãƒ©ã‚°ãƒ“ãƒ¼ã‚„ã‚¯ãƒªã‚±ãƒƒãƒˆãŒäººæ°—ã ã¨èãã¾ã—ãŸ
ç¾åœ¨ã‚‚ã‚ªãƒ¼ã‚¹ãƒˆãƒ©ãƒªã‚¢ã§ã¯ã‚µãƒƒã‚«ãƒ¼ãŒä¸äººæ°—ãªã‚“ã§ã™ã‹ï¼Ÿ
ãƒ©ã‚°ãƒ“ãƒ¼ã‚„ã‚¯ãƒªã‚±ãƒƒãƒˆã«äººæãŒæµã‚Œã¦ã„ã‚‹ã‚“ã§ã™ã‹ï¼Ÿ",0,2024-09-14T05:41:51Z
@JairoCadena-v6w,"Is John Aloisi laughing now?  Just to paraphrase John: â€œnobody is expecting Australia to go to the World Cup 2026â€, time to eat humble pie for some.",1,2024-09-14T00:08:01Z
@yuswantoedward3828,Forgetting the fact how solid indonesian defense  is,0,2024-09-13T22:05:02Z
@KachinaMonongye,Shin Tae-yong is legend,15,2024-09-13T21:30:52Z
@sigitkamsiono,"Good game friend, see you again in the second match.",0,2024-09-13T21:15:55Z
@chaguyanakintanboy2081,Wonderful Indonesian ğŸ‡®ğŸ‡© amazing crazy 17000 island on earth ğŸ˜¯... Amazing suporter Indonesian 80.000 full stadium GBK Jakarta.. red Jersey ğŸ˜®,1,2024-09-13T20:27:09Z
@Hubbi_magfir,"for all country plays against Indonesia, they start pointing fingers, thinking the issue is with their own team. But the real deal? It's that Indonesia's football has leveled up and left them behind",20,2024-09-13T10:15:53Z
@tuansu161,"ChÃºc má»«ng Indonesia, Asean Ä‘áº·t niá»m tin vÃ o cÃ¡c báº¡n",189,2024-09-13T09:43:33Z
@AliSusanto-ob9wc,Indonesia good,0,2024-09-13T07:47:20Z
@wijayagaming1482,"Australia is not experiencing setbacks, but Indonesia is experiencing progress, but is progress still on the way to perfection!",0,2024-09-13T07:35:33Z
@morning3389,"wow Indonesia  vs australia the match that almost made my heart stop, Australia played fast attacking on all sides..when the ball was near the goal I turned off the TV afraid to see the goal conceded. but the Indonesian goalkeeper was a hero, if Ernando was guarding the goal it would definitely be 10-0..Australia win. today  lucky Indonesia",0,2024-09-13T07:34:54Z
@Sakit-Sehat0,"Australia tidak jelek,hanya indonesia yang bagus lebih maju.",0,2024-09-13T06:16:14Z
@mozofoz,"Kudos to Indonesia, Australia threw everything at them in that 2nd half and couldn't break them.  Socceroos building themselves a big hole to climb out of to qualify for next WC.",10,2024-09-13T05:04:40Z
@andrynoeg3061,"menurut gw.... Komentar Si Duke tentang momen menyanyikan ""Tanah Airku"" adalah bentuk frustrasi dan tekanan yg sangat besar....ğŸ˜„ğŸ˜„",0,2024-09-13T02:41:39Z
@Anone_Anone,Ok mate,0,2024-09-12T22:02:32Z
@PMnguyenthainam,Indo WC,0,2024-09-12T16:08:39Z
@soel8995,Tim Australia datang dengan ambisi menang setelah kalah lawan Bahrain di kandang namun timnas Indonesia takkan membiarkan mereka ambil poin dengan mudah semoga away nanti bisa ambil poin di Australia,0,2024-09-12T14:24:00Z
@m-kingchanell8000,"benar . australia tidak mundur . tapi indonesia terlalu cepat untuk berkembang . 
salam tetangga dari kami . pecinta bola dari sabang sampai merauke",0,2024-09-12T13:51:05Z
@dgyjr9816,"Tolong ajari Mitchelle Duck arti dari kata ""Menghargai dan Respect""",0,2024-09-12T13:22:06Z
@skawanlovers,"For us, Australia's level is far above ours, so with a draw we are very proud because 1 point is very valuable for us, maybe for Australia it is normal because you often enter the cup.",0,2024-09-12T13:13:14Z
@aseprismunandar1079,Menyala king indo.....gaskeun barudak...welll,0,2024-09-12T13:11:25Z
@matthew.kunovic,Sack Graham Arnold,2,2024-09-12T13:08:42Z
@sonnylala29,Permainan australia sangat buruk..terlalu sombong dan sok hebat..sepanjang permainan hanya.bermain bola crossing..bola bola udara..jika bermain seperti ini lawan jepang arab saudi di jamin kalah,0,2024-09-12T12:50:49Z
@stevannyandara5853,"here we see Australia playing aggressively, fortunately the Indonesian goalkeeper was able to hold the ball and the defenders were quite good. ranked 134 vs 24 in the world...oh my gosh..Don't worry Australia..same like Arab too  ,what you hope for is they can get points from China and Bahrain again..but Japan or Arab will find it difficult",10,2024-09-12T11:26:39Z
@cumideh9574,Paes â¤,0,2024-09-12T10:53:00Z
@baikal7404,Hebat australia bisa nahan imbang indonesia,0,2024-09-12T10:34:49Z
@korokkorokbo8826,Indonesia players 9 from Netherland...2 from indonesiağŸ˜‚...,0,2024-09-12T09:55:33Z
@thebops4180,Australian soccer is EMBARRASSING!,0,2024-09-12T09:40:31Z
@kimociAraAra-g1h,Jamin pasti naik peringkat OMG kok bisa menahan imbang raksasa iniğŸ˜Š,0,2024-09-12T09:30:56Z
@letohpapu4319,I thoughtt it was bafana bafana ğŸ˜…,0,2024-09-12T09:18:03Z
@MinaYT,"Disappointing for Australia, really!",0,2024-09-12T08:48:44Z
@BoyMan-ss9sx,Raja gopal changer Arnold âœ…ğŸ¤£,0,2024-09-12T07:49:53Z
@sigityuniarto7694,"Actually both teams played well, but they were too careful so there were no speculative shots to score goals",0,2024-09-12T07:47:50Z
@rahimfrick7835,Bagus Indonesian mantap main cara ini Best of the best,0,2024-09-12T07:20:53Z
@H-if3eu,"Australiaâ†’Bahrain 0-1 HOME
Japanâ†’Bahrain 5-0 AWAY",0,2024-09-12T06:34:44Z
@goodlucx,I indonesia sering salah umpan,0,2024-09-12T06:04:39Z
@SigitRamadhan07,Terimakasih Terbang Tinggi Timnas Garuda Indonesia â¤  ğŸ¦… ğŸ‡®ğŸ‡©,4,2024-09-12T06:03:29Z
@kuantanlee4684,"Aus next time can draw brunei,malaysia, singapore too....ğŸ˜‚ğŸ˜‚ğŸ˜‚",0,2024-09-12T05:35:09Z
@baksokintul,losing to a country ranked 130th is embarrassing,0,2024-09-12T04:20:42Z
@ariowibowo9353,todays its not aussie luck... watch 2nd game.. indonesia get 2 new player for frontline (new striker),0,2024-09-12T03:58:22Z
@Scuppun,"Well done to Indonesia.  The Socceroos were absolutely terrible, predictable, unadventurous,  slow..... need i go on?  Arnold needs to go.  So too does the upper management of Football Australia.   Absolutely no vision.  This is why Ange won't coach them again.  No support from the FA",0,2024-09-12T03:47:18Z
@krxdda1047,BRO WHY ARE OUR GOOD PLAYERS NEVER ON THE FIELD TOGETHER? Why all the washed a league players ? ğŸ˜…,0,2024-09-12T03:33:31Z
@rojiimamanwari6067,"Australia amazing
Marteen paes full amazingâ¤",0,2024-09-12T03:16:26Z
@Charango123quena,"This is the definition of insanity , do the same this over and over again and expect  a different outcome .  Australia  needs a new coach .  Here's  a novel idea .. why not get a coach  from  South America at half the cost and twice the quality . The most mediocre coach in Brazil  could teach these boys a thing or two. Why do we always look at Europe  when the bulk  of the world's best players  come from South America  . This is the continent that has football  as a religion",0,2024-09-12T03:14:53Z
@mark5715,"Graham Arnold should not have been Socceroos' coach ever. Not only he is very bat tactician, technician, strategist but also selector. I feel sorry for very good Aussie players never selected to represent their country and good players selected but not being coach correctly to showcase their talent. Playing football is not about possession of the ball especially in your own half but what you do with the ball. If you don't have the ball in penalty area of the opponent than you never win.",0,2024-09-12T03:14:44Z
@muskalembochannel7750,"HahahağŸ˜‚ğŸ˜… kasian Australia, jangan coba coba main Garuda Asian, Indonesian ğŸ‡®ğŸ‡©ğŸ˜ğŸ˜…â˜ºï¸ğŸ‡®ğŸ‡©ğŸ’ªğŸ‘ğŸ”¥",0,2024-09-12T03:14:23Z
@toi6513,Netherlands C and Australia,0,2024-09-12T03:05:32Z
@b2.borisuthborisuth589,Australian National Team  VS United Nations Team,0,2024-09-12T03:00:41Z
@seanbutnotasheeple2090,"No offence to Indonesia, but how can we perform so well at the WC, but struggle locally?",0,2024-09-12T02:34:19Z
@mygmailatwork6647,"This title is wrong, mate. It says Indonesia vs Australia, but it should be Dutch East Indies vs Australia since Indonesia was using Dutch players!",0,2024-09-12T01:15:43Z
@connector-r1e,"ì¸ë„ë„¤ì‹œì•„ë„, í˜¸ì£¼ë„ í† ì¢… ìêµ­ë¯¼ë“¤ì˜ ë³„ë¡œ ì—†êµ°ìš”.....ì¤‘ê³µë„ ë§ˆì°¬ê°€ì§€ì´ê³ ...",0,2024-09-12T00:50:39Z
@James.Prince,Call Mel Gibson and Dolph Lundgren,0,2024-09-12T00:42:41Z
@PSB-gj9xd,Nearly every shot was at the goal keeper. It's time for Football Australia to take a good look at themselves. No Promotion/Relegation in the A League does not encourage skills to increase.....just mediocrity... Nothing to fight for at the bottom of the A League!,0,2024-09-12T00:25:53Z
@MichaelJohn06,Such a very tough match between Indonesia ğŸ‡®ğŸ‡© and Australia ğŸ‡¦ğŸ‡º,0,2024-09-11T23:26:00Z
@MovistarMonster,"Futbol in Asia is starting to close the gap against the stronger ranked teams, itâ€™s becoming more competitive not just one sided like it was 5 or so years ago. Good to see!",0,2024-09-11T23:16:23Z
@rsgarage88,0-0 goal... 132 world rank vs 24 world rank ğŸ˜‚,0,2024-09-11T21:05:22Z
@anakmama6345,Congrats for Australia berhasil menahan imbang King Indo ğŸ¥¶,0,2024-09-11T20:24:12Z
@Orangbodoh-px9cv,"thank you very much Australia, you have given us a test, this match makes us feel more confident, what is certain is that Indonesia is starting to improve and is not like the previous team, you are extraordinary, our ranking is low but that doesn't mean we are a lowly team, thank you for your visit, thank you very much ğŸ‡¦ğŸ‡º vs ğŸ‡®ğŸ‡© ğŸ‘ğŸ‘ğŸ‘",1,2024-09-11T19:25:00Z
@MegaTimtheman,Might need to give ofc a call for a reunion,0,2024-09-11T19:23:47Z
@SyazwanOthamani,Luck for Indonesia team.,0,2024-09-11T18:37:03Z
@superjee2727,Theres a invincible wall behind paes,0,2024-09-11T17:04:38Z
@James.Prince,"iki piye critane Australia kok iso  ngene ki, meh keok ambek Indonesia",0,2024-09-11T17:03:25Z
@muchlisprast3454,The atmosphere was insane! Letâ€™s go indonesia!!! 2026 USA,0,2024-09-11T15:07:08Z
@evannave9718,"134 vs 24 = 0 : 0
if he had stayed and not been fired, believe me Australia would have been massacred by Japanese samurai.ğŸ˜‚ğŸ˜‚",0,2024-09-11T14:28:24Z
@heryachannel1784,"ğ‘²ğ’‚ğ’ğ’‚ğ’– ğ’Šğ’ğ’Š ğ’”ğ’Œğ’Šğ’ğ’ ğ’•ğ’†ğ’“ğ’ƒğ’‚ğ’Šğ’Œ ğ’‚ğ’–ğ’”ğ’•ğ’“ğ’‚ğ’ğ’Šğ’‚, ğ’ğ’‚ğ’Œğ’‚ ğ’•ğ’†ğ’ğ’•ğ’–ğ’ğ’šğ’‚ ğ’Šğ’ğ’…ğ’ğ’ğ’†ğ’”ğ’Šğ’‚ ğ’‘ğ’‚ğ’•ğ’–ğ’•ğ’ğ’‚ğ’‰  ğ’ƒğ’‚ğ’ğ’ˆğ’ˆğ’‚, ğŸ ğŸ ğ’ˆğ’Šğ’•ğ’– ğ’ğ’ğ’‰ (ğŸğŸ)=ğŸ ğŸ",0,2024-09-11T12:47:08Z
@waqasusmani7124,Indonesia national team are simply amazing... i will not surprise if they could qualify in 2026 or 2030,28,2024-09-11T12:36:42Z
@DinaNoviyanti-f2g,Marteen paes GG sihh,0,2024-09-11T12:26:47Z
@jmaguswibowo4316,Indonesia is the best,0,2024-09-11T12:22:01Z
@yamadanoda,losing to indonesia is crazy,0,2024-09-11T12:07:39Z
@brisvegas859,I think Australia need a new coach,0,2024-09-11T12:02:41Z
@pakcharlos,"Autralia Mainnya Bagus sekali, tapi Indonesia Juga Punya Pertahanan Yang bagus.",0,2024-09-11T11:56:40Z
@HungPham-cl1lp,Indonesia Number 1 Southeast Asia,2,2024-09-11T11:55:46Z
@generasiombak,"Australia bad luck, Indonesia lucky",0,2024-09-11T11:06:46Z
@Arbynara-vu9df,same good team,0,2024-09-11T10:38:48Z
@johnbowler395,"Great to see football supporters from different countries, all having polite and friendly conversation in comments here.",73,2024-09-11T09:47:53Z
@putuindra5759,Paes.....!!!! ğŸ”¥ğŸ”¥ğŸ”¥,0,2024-09-11T09:39:43Z
@hanahoah7325,It's extraordinary that Australia was able to hold Indonesia to a draw. Love from Indonesia,25,2024-09-11T09:36:21Z
@ninjaskeleton6140,"Canâ€™t see Australia making it this time. We donâ€™t have the players. 

Perhaps a better coach could get more out of the players we do have, but itâ€™s clear there are big problems in Australian soccer that need to be addressed before we can have any real progress.",1,2024-09-11T09:27:20Z
@nickybutt9733,SOKKAH,0,2024-09-11T08:41:26Z
@rahmaddoank8622,"Being here is much worthy than winning the AFF cup, sorry",0,2024-09-11T08:32:20Z
@sicharmingman,Amazing athmosphere at GBK Stadium â¤,0,2024-09-11T08:19:16Z
@markbaston8147,Pathetic.,0,2024-09-11T08:06:39Z
@iyanispt,ğŸ‡®ğŸ‡©ğŸ‡®ğŸ‡©ğŸ‡®ğŸ‡©,0,2024-09-11T08:05:22Z
@snowman5085,Is this a video of the Australian Football Association? I'm surprised to see so many comments that seem to be from Indonesians.,0,2024-09-11T08:00:00Z
@Ronaldo_74512,When did Australia join Asia ğŸ¤”,0,2024-09-11T07:58:50Z
@Ronaldo_74512,Donâ€™t think your in the World Cup yet Indonesia you have Japan ğŸ‡¯ğŸ‡µ ğŸ˜ˆ,0,2024-09-11T07:57:36Z
@SIMGowa,Boleh juga ini Timnas Australia bisa nahan imbang King Indo.,0,2024-09-11T07:54:23Z
@raiwismatara2398,"draw, but Australian win the ball possession",0,2024-09-11T07:11:08Z
@sosososososo4148,How has Australia got this bad recently,0,2024-09-11T07:01:10Z
@mozadiidmas5384,"Australia is still The Big Five  teams in Asia, Indonesia is just  getting better and improved...",1,2024-09-11T06:55:10Z
@AussieRoberts,"With all the money and programs we have for soccer, how are we still so shit? Such an embarrassment",0,2024-09-11T06:30:50Z
@Ceritamalam88,â¤â¤GARUDAâ¤â¤,1,2024-09-11T06:30:42Z
@cahyaagungsaputra1409,"Hebat sekali, Australia bisa nahan imbang Indonesia",0,2024-09-11T06:24:45Z
@choi_An,"Australia were very dominant but Indonesia's defense was quite good, not a bad result against the 24th ranked FIFA team",31,2024-09-11T06:19:10Z
@gerrymarlowe5541,"Congrats Indonesia. When I heard you got a draw with Saudi Arabia I thought you must be on your way up in the football world. Unfortunately (from my point of view) the Aussie teams, male and female seem to be on the way down.",1,2024-09-11T06:16:16Z
@Russiaisshit78,It's not Australia 0-0 Indonesia it's Australia 0-0 Dutch 3.0ğŸ˜‚ğŸ˜‚ğŸ˜‚,0,2024-09-11T06:13:12Z
@xAntiXTerrorx,"Marthen Paes came at the right time, Hopefully Tijjani Reijnders' brother will soon join Indonesia, I also hope Australia will rise soon, Hopefully Japan, South Korea, Indonesia and Australia will qualify for the World Cup, Without Australia the world cup is not fun, greetings from Indonesia, God blessğŸ¥°ğŸ¥°ğŸ¥°",1,2024-09-11T06:09:19Z
@yusrimohamad1261,Tahniah Indonesia...,1,2024-09-11T06:04:09Z
@MidiMidi-o2n,Tidak bisa di pungkiri Australia tadi malam bermain sangat bagus tapi lini belakang Indonesia tangguh dan di suport penjaga gawang paes,0,2024-09-11T06:03:22Z
@TyTyTy87,I feel sorry for the people who paid to watch this abysmal performance,0,2024-09-11T05:46:59Z
@SaSa-kt4kn,Indonesia akan jadi kuda hitam di grup ini,0,2024-09-11T05:42:10Z
@thienan4598,"tÃ´i lÃ  ngÆ°á»i Viá»‡t Nam , khÃ´ng hiá»ƒu báº±ng cÃ¡ch nÃ o , tÃ´i  Ä‘ang quan tÃ¢m vÃ  muá»‘n Indonesia sáº½ tham gia worldcup , chÃºc Indonesia sáº½ thÃ nh cÃ´ng",363,2024-09-11T05:40:53Z
@Papahyaya,Player Tim Australia tidak punya nama ?? Hanya nomer punggung saja.. tidak nge modal..,0,2024-09-11T05:29:34Z
@finzaabror1254,Rumputnya kena cacar,0,2024-09-11T05:18:40Z
@dein1234,"As Indonesian, Australia really play very well, hope we can improve on the next match",2,2024-09-11T05:13:41Z
@Hamid1382,What theâ€¦.ğŸ¤¬,0,2024-09-11T04:45:29Z
@wew1171,thx Australia,0,2024-09-11T04:38:59Z
@donotwantahandle1111,Losing to Bahrain and a draw against Indonesia? Something isnâ€™t right with the Socceroos.,0,2024-09-11T04:37:11Z
@user-kk4zw5jo4t,Lowlights?,0,2024-09-11T04:34:31Z
@aichikunpaiz4716,I would like indonesia to qualify world cup..but with this level of play and possession it is hard to imagine can they even give competition to others football giantsğŸ˜…,0,2024-09-11T04:33:40Z
@suzumarko4289,AUS is not asia,0,2024-09-11T04:26:18Z
@asalef2305,Marten paes its amazing,0,2024-09-11T04:19:23Z
@chiania,Fighting indonsia from Koreaâ¤ ì‚¬ë‘í•´! ğŸ‡®ğŸ‡©â¤ğŸ‡°ğŸ‡·,114,2024-09-11T04:16:55Z
@AdamBenson-d6v,"If Arnold isn't relieved of his duties very soon, there's no way we'll make the next world cup. This is almost as bad as the loss to Fiji in 1989. As an Australian this is very embarrassing.",3,2024-09-11T04:14:08Z
@setyosetyo-v8m,"You have given your best and extraordinary game, but the goddess of luck has not been on your side, and of course this will be a good experience for the Garuda national team, with better quality in the next match. Thank you. Greetings, stay healthy and stay enthusiastic, see you in Australia.",0,2024-09-11T04:09:33Z
@checheppurnama6973,"Big respect to Indonesian National Team. 
Right from the Goal Keeper, Maarten Paes is absolutely world Class. Defenders are awesome with good character of organizational skills, midfielders are good as well but we must admit Indonesia still lack of ""killer strikers"".
Overall it was amazing, most probably Indonesia will qualify to the world Cup games... Hopefully.",22,2024-09-11T03:49:05Z
@muhamadfirdaus2040,"Terbaikk indon ,dpt bertahan seri smpai tamat game...tahniah2 ğŸ‡²ğŸ‡¾ ğŸ‡²ğŸ‡¾",0,2024-09-11T03:42:18Z
@jagoan2000,"Ini baru nntn bola kelas dunia, komentator nya bahas enggresâ¤",0,2024-09-11T03:37:29Z
@Boonyen-y9o,à¸­à¸´à¸™à¹‚à¸”à¹à¸¥à¸™à¸”à¹Œ,0,2024-09-11T03:34:27Z
@mr.freeze3889,I wish Indonesia would reach the WC Finals. For too long we SE Asians have no one to root for during World Cups â¤ ğŸ‡®ğŸ‡©ğŸ‡²ğŸ‡¾ğŸ‡µğŸ‡­ğŸ‡¹ğŸ‡­ğŸ‡»ğŸ‡³ğŸ‡±ğŸ‡¦ğŸ‡§ğŸ‡³ğŸ‡¹ğŸ‡±ğŸ‡°ğŸ‡­ğŸ‡¸ğŸ‡¬ğŸ‡²ğŸ‡²,0,2024-09-11T03:12:05Z
@BudiSatrio-q6o,"Congrats aussie,indonesia just lucky",1,2024-09-11T03:10:59Z
@abubakarhasan7534,Congratulation 4 Indonesia... Keep fighting next game,0,2024-09-11T03:10:37Z
@danslandevies8700,Australia in shock : why Indonesian player looks like European guy ? ğŸ˜‚,0,2024-09-11T03:05:26Z
@isajames1972,The Australian football curriculum is so terrible it starts from juniors,0,2024-09-11T03:01:44Z
@bhateassasians4942,Being Australian fan: Shite here we go againğŸ˜¢ğŸ˜¢,0,2024-09-11T02:50:37Z
@mummilamummy,I want Harry Kewell and Mark Viduka back,0,2024-09-11T02:36:42Z
@MbahMu9829,Me ams indon. Me are proud,0,2024-09-11T02:35:27Z
@vk5786,maarten paes what a goalkeeper..,7,2024-09-11T02:27:48Z
@corteztt518,What happened to Socceroos? Too many Bintang in Indonesia?,1,2024-09-11T02:27:07Z
@DV-zv4ox,If not for Irankunda we would be so toothless in attack. Won't take long for opposition teams to cotton onto him and nullify any real attacking threat. Arnold needs to fix this ASAP.,0,2024-09-11T02:23:36Z
@Kim8043,"I cheer for Indonesia!  I'm so proud of them.
From S. Korea",21,2024-09-11T02:22:39Z
@zackmusic13,Kenapa nggak warna merah,0,2024-09-11T02:14:46Z
@rezadwis96,Nitip sendal bang socceroosğŸ˜Š,0,2024-09-11T02:14:08Z
@Unablebad4,It would be funny if Indonesia qualify to world cup,0,2024-09-11T02:07:38Z
@baraya_bandung,menahan imbang negara negara kuat seperti arab Saudi dan Australia adalah pencapaian terbaik untuk timnas Indonesia melangkah menuju tempat lolos di 6 besar.. permainan Australia sangat lah mengerikan tadi malam akan tetapi penjaga gawang kami Maarten paes menunjukkan permainan save nya yang luar biasa bisa menahan imbang dengan gempuran yang bertubi-tubi â¤â¤â¤â¤â¤â¤ ğŸ‡®ğŸ‡©ğŸ‡®ğŸ‡©â¤â¤â¤â¤â¤â¤,25,2024-09-11T02:06:47Z
@syaghi3384,Australia needs a super player or super striker which they don't have now that's why they can't win,0,2024-09-11T02:06:00Z
@GevaJhonkota,Butuh tambahan pemain lgi dari sisi penyerang,1,2024-09-11T01:59:24Z
@johnmancini4700,"No goals against lowly ranked teams is a major concern. Dominating and close misses mean nothing. Until we develop creative midfielders, our forwards can only rely on crosses and corners. Our game is based on defensive possession and little forward passing. Resulting in games that are not entertaining either.",0,2024-09-11T01:57:37Z
@gareng_tv9123,Emejing goal kiper David de gea Martin paes,0,2024-09-11T01:52:59Z
@7kurisu,Happy for Indonesia as whenever the Aussies go there we are the biggest bogans,0,2024-09-11T01:51:25Z
@ochanghubeng,"What is encouraging for Indonesia is that their final opponent is Japan, who has already qualified (probably) for the main tournament.",20,2024-09-11T01:48:01Z
@jagohkampong,I think they stand a better chance back in Oceania playing against the likes of Fiji and Vanuatu,1,2024-09-11T01:45:25Z
@kurtzeee.51,"Better country is Australia, better in football and better overall. But i respect the defence and hustle of team Indonesiaâ¤ğŸ‘",1,2024-09-11T01:38:28Z
@ceciliasoriano3122,"We canâ€™t beat, or even score against the small fry of world soccer. Under the unimaginative Arnold we have become small fry ourselves.",0,2024-09-11T01:32:02Z
@AzmiYansyah-kz8ng,"Yang membohongi diri sendiri dgn bilang Australia enggak mengalami kemunduran adalah orang idiotğŸ˜‚ini adalah tim Australia terburuk dalam 20 tahun terakhir. Indo enggak perlu terlalu Euforia, tetap improve aja ke depan nya",1,2024-09-11T01:31:10Z
@KahdarKeswara,Melawan timnas inggris versi asia dan bisa menahan draw itu suatu kebanggaan bagi indonesiağŸ‡²ğŸ‡¨ğŸ‡²ğŸ‡¨ğŸ‡²ğŸ‡¨ğŸ‡²ğŸ‡¨,5,2024-09-11T01:30:09Z
@mandilnelson7352,Indonesia ğŸ‡®ğŸ‡©ğŸ‡®ğŸ‡©ğŸ‡®ğŸ‡©ğŸ‡®ğŸ‡©,0,2024-09-11T01:29:01Z
@friscanatalia3039,Marteen Paes is really amazing. â¤â¤â¤â¤ ğŸ‡®ğŸ‡©ğŸ‡®ğŸ‡©ğŸ‡®ğŸ‡©ğŸ‡®ğŸ‡©,0,2024-09-11T01:06:28Z
@user_biasa_aja,"secara usia, pemain indo rata2 23 thn. ausie 27 thn. kematangan dalam bermain jelas terlihat tapi indo tidak takut",0,2024-09-11T01:03:37Z
@vhruliciouz,It's great that Australia can match Indonesia's game,0,2024-09-11T00:56:53Z
@akasetkya6253,"The rest of Asia has caught up, now weâ€™re just another wannabe in the pile. We had time to evolve and learn how to break defence walls and cultivate a team of winners, but we failed. Unfortunately Football Australia had always been a losers team.",1,2024-09-11T00:55:12Z
@DalinJaswari,"Indonesia is the best,,, â¤I love Indonesia.",1,2024-09-11T00:50:53Z
@MH_347,Australian football isnâ€™t really evolving. Itâ€™s still favouring the bigger stronger athletic type. Where countries like Spain are developing the Yamine Lamal types who are more skilled with the ball at their feet. You can see it all the way through to the under 8â€™. Running fast and lifting heavy things are all well and good but it doesnâ€™t win you games of Football.,2,2024-09-11T00:45:25Z
@penyuberlarikencang,Indonesische spelers zijn echt buitengewoon voor de toekomst,0,2024-09-11T00:44:31Z
@alfianmandalise,The bets golkeper marten paesğŸ˜‚ğŸ˜‚ğŸ˜‚ğŸ˜‚,0,2024-09-11T00:41:14Z
@johnsimonwijaya,really equal match ğŸ‘ŒğŸ»,1,2024-09-11T00:40:04Z
@azeva196,Good game indonesÃ¬a,0,2024-09-11T00:30:52Z
@Printaholic85,Chin up Australia we still have more games to play,0,2024-09-11T00:26:35Z
@minamiharuki4830,"Kemarin kali pertama saya nonton Timnas di Stadion. Apa memang kalau setiap tim lawan nyanyi lagu kebangsaan, supporter Indo nge ""boo"" terhadap tim lawan? Padahal lagu kebangsaan itu sesuatu yg sakral.",0,2024-09-11T00:21:26Z
@Audits31,In a wordâ€¦Pathetic,0,2024-09-11T00:18:04Z
@craigjones4625,"We are hopeless, no quality, hopeless finishing, A league, no one playing in the top flights of any comp in the world, says it all about Australian football atm, hopeless",0,2024-09-11T00:09:15Z
@monsterz2255,Lapangan sama kamera ny jelek bgt njirrr kyk nonton bola amatir ğŸ˜‚ğŸ˜‚ğŸ˜‚ğŸ˜‚,0,2024-09-11T00:06:59Z
@rekashprd7226,Itâ€™s a joke Australia football being under 30 fifa ranking,0,2024-09-11T00:04:26Z
@Enthler,Indonsia player white people tooğŸ˜‚ğŸ˜‚ğŸ˜‚ where local ?,2,2024-09-11T00:02:05Z
@RateReaction,we need a world class coach,0,2024-09-10T23:53:01Z
@cctvrakyat,What a performance from PaesssğŸ¤¯ğŸ¤¯,0,2024-09-10T23:49:57Z
@markdowse3572,"Missed opportunities could prove costly...
Come on, Aussies! ğŸ’ª

M ğŸ¦˜ğŸğŸ˜",0,2024-09-10T23:45:04Z
@assuredaviation9116,Australia is so bad. Itâ€™s a manifestation of everything wrong with Australian football,0,2024-09-10T23:43:03Z
@Jonathan-d8d7i,Football Australia really should find out if the Muppet Show theme music is out of copyright and available for the Socceroos.,0,2024-09-10T23:37:39Z
@mrbeastfansindonesian162,good game aussyâ¤ğŸ”¥ğŸ‡®ğŸ‡©ğŸ‡³ğŸ‡¿,0,2024-09-10T23:36:16Z
@BaxterThewall,Umm... what highlights ???,0,2024-09-10T23:35:10Z
@feliciafarah.,0:0 Ranking 24 vs 133  ğŸ˜®ğŸ˜®,1,2024-09-10T23:33:05Z
@andrescarrilloestrada984,id rather struggle during qualifying and hopefully qualify and go into tournament  on form,0,2024-09-10T23:32:54Z
@loneRider3910,Japan beats Bahrain 5-0. Australia couldnâ€™t be worse. We may beat China (LOL).,0,2024-09-10T23:31:00Z
@kaneelias,Time for Arnold to go. He has lost this team,1,2024-09-10T23:28:59Z
@ChrisComida,"Well done Indonesia, coming from an Aussie",1,2024-09-10T23:21:23Z
@è¯-d1y,ã‚µã‚¦ã‚¸ã‚¢ãƒ©ãƒ“ã‚¢ã«è² ã‘ãªã‘ã‚Œã°å¤§ä¸ˆå¤«ã€‚å§‹ã¾ã£ãŸã°ã‹ã‚Šã§ã™ã€‚,0,2024-09-10T23:08:50Z
@Pillzey,Was it nil nil,0,2024-09-10T23:02:17Z
@Just4Kix-ee3vt,That goalkeeper doesnâ€™t look Indonesian,1,2024-09-10T22:56:23Z
@reecesfootball,Put some lads in that wanna play,0,2024-09-10T22:56:03Z
@tommasovotino9913,"Arnold should of been sack 5years ago the man has no skill or understands skilful players ,his game plan has always been second rated and has never improved anything about Australian soccer.",0,2024-09-10T22:55:12Z
@petervon2038,"2;22 This is not how you Promote the World Game Australia, very disappointed .",1,2024-09-10T22:44:57Z
@jj11111111,Phhh thatâ€™s what happens when you keep Graham Arnold. Old style  of play - didnâ€™t even think Luongo was worthy of a position. Times were good with Ange Psotecoglou,1,2024-09-10T22:39:48Z
@gustaaf1892,The Socceroos basically played against a Dutch team. Nine of the starting eleven are Dutch and another two on the bench as well. Still a terrible performance and the Socceroos remain toothless in attack. This time no goals from 20 attempts.,4,2024-09-10T22:36:04Z
@michaelbroad6009,"Majority of Australian side - Ex A league players, still playing as A league players, couldn't beat Bahrain now Indonesia!",0,2024-09-10T22:35:11Z
@Novitaputri993,Tidak mudah melawan Australia yang langganan masuk piala dunia,0,2024-09-10T22:34:29Z
@shoahkhan5670,No strikers = no goals.,0,2024-09-10T22:22:51Z
@snellavision,Shiiiiieeet,0,2024-09-10T22:15:09Z
@SonyCamry,Its over,0,2024-09-10T22:08:02Z
@rod7139,Just pathetic!,0,2024-09-10T22:06:58Z
@TanNguyen-iv5yh,2 points from 2 of the strongest teams in this group. Indonesia definitely has a chance to qualify for this World Cup bro!,169,2024-09-10T22:06:25Z
@waggafletcher,"As a token of appreciation to our Indonesian neighbours and friends, the Australian people offer Graham Arnold as a gift to your great nation on account of your football team's sterling effort against a once-formidable Socceroos squad.
Kind Regards
Australia",49,2024-09-10T22:06:13Z
@aussiegreek4993,Poor a league poor national team.,0,2024-09-10T22:01:26Z
@lemonade5865,é ‘å¼µã‚Œã‚ªãƒ¼ã‚¹ãƒˆãƒ©ãƒªã‚¢,0,2024-09-10T21:58:53Z
@spidy278,TOO MUCH IMPORT PLAYER,2,2024-09-10T21:58:15Z
@Ucok-b4w,Australia is good but not lucky,0,2024-09-10T21:57:40Z
@waggafletcher,"The great Les Murray once described a bad run of form by the Socceroos as ""down the toilet"".
So here we are again.
Vale Les",0,2024-09-10T21:50:02Z
@desinggar280,"Logo Indonesia versi lama ğŸ˜, ya memang itu yang terbaik ğŸ‘",0,2024-09-10T21:43:03Z
@publius1252,22 men running around for more than ninety minutes of continuous â€˜actionâ€™â€¦and no one scores anything.  Tell me again why soccer languishes with pitiful crowds in Australia which has more choice in football codes than any other country on Earth.,0,2024-09-10T21:41:05Z
@HeliaMV41,FIRED ARNOLD ?,0,2024-09-10T21:34:20Z
@thejenkinsclub9671,Australia played aggressive in second half but Indonesia did hang on to their lives. Both team are Amazing. Unlike Arabic countries they will lay down on the ground begging for penalties,162,2024-09-10T21:26:28Z
@jackelvers,"Man, we're so bad. Time for Arnold to move on as I think we actually have some quality players that a good manager can work with",12,2024-09-10T21:26:12Z
@MrSirdixon,2.18- â€œA different breedâ€- says it all,0,2024-09-10T21:24:47Z
@Tvr11k,No wonder why people are watching the Matildas instead,1,2024-09-10T21:22:36Z
@hypebeastreet,A draw against team with a ranking of 130s ğŸ˜‚,3,2024-09-10T21:19:32Z
@5u1ton,Alhamdulillah ğŸ‡®ğŸ‡©ğŸ¦…,0,2024-09-10T21:14:56Z
@henri4745,Just as bad as the Wallabies!,0,2024-09-10T21:06:17Z
@defthreats8004,Useless clowns,0,2024-09-10T21:01:51Z
@shahrukhandinirwana3633,ğŸ‡¦ğŸ‡º vs ğŸ‡®ğŸ‡©,0,2024-09-10T20:58:57Z
@jamesmorris1986,Had to watch these short highlights because Paramount donâ€™t upload mini matches or replays until days after matches. Really poor broadcast partner for the sport,1,2024-09-10T20:57:40Z
@fanstimnaskoreaselatan2699,Lawan Australia harus nya Para Pemain Timnas Indonesia lebih berani Mencari ruang untuk menembak Jarak Jauh Agar tidak di serang Balik lagi.,2,2024-09-10T20:57:06Z
@jonnyaviles7207,Why is every team getting better and Australia is not Improving the game? Itâ€™s sadly not enjoyable to watch the Socceroos. change up the line up the team looks like they have won every trophy they need to be humbled every opportunity is crucial the hard games and the easy ones.,0,2024-09-10T20:56:20Z
@RanaAditya-m2g,australia 0 - 0 Paes,0,2024-09-10T20:54:50Z
@DKOPIyt,"Indonesia v Australia 0-0
Bahrain v japan 0-5
China v Saudi Arabia 1-2

Group C",6,2024-09-10T20:52:10Z
@tiggakayz,Like how the f do they this everytime we try and qualify for the WC they make it hard as shit for themselves to get through everytime and if anyone remembers this was the exact same situation we were in qualifying for the last WC we thought we wouldnt even make it but somehow we managed to scrape through to the WC and put on a decent performance during the tournament looking like we've tapped into our potenial and then drop out usually around the round of 16 riding a wave that australian football is on a rise and then we go through this shit again its a rinse and repeat process Australian football goes through every 4 years its like were going around in circles its amazing to be quite fair,0,2024-09-10T20:51:02Z
@zoeartthea2080,"As usual, Australia is always the more dominant team.
But we are grateful that we have survived very well.",0,2024-09-10T20:49:57Z
@Universe77774,I don't know why you are Australians playing in Asia?!ğŸ˜…,0,2024-09-10T20:43:43Z
@Bodkin_Ye_Pointy,"I haven't watched the highlights. I will never support the Socceroos again. If Football Australia wants to gouge fans through pay per view on a limited audience access, they can go forth and multiply. I have pay TV, just not that supplier and I am not subscribing the the crap they dished up last Thursday.",0,2024-09-10T20:43:10Z
@kimberlyh4104,Arnold destroyed Australia's football,2,2024-09-10T20:37:41Z
@edolibertaviko251,"indonesia butuh striker yang haus gol, yang bisa memanfaat peluang dengan baik. lini belakang sudah bagus, tapi beruntung paes tampil gemilang, jika tidak, australia mungkin sudah merobek gawang kita berulang kali",0,2024-09-10T20:36:32Z
@helicoptermn1463,"We have so many shots, we just canâ€™t score!",0,2024-09-10T20:33:46Z
@abyoutube4672,Maafkan rumput nya yg kurang mendukung ğŸ˜…,0,2024-09-10T20:33:30Z
@johnpow2378,Indonesian Goli is the MVP here,0,2024-09-10T20:26:09Z
@adamblackshaw9151,"Meanwhile Japan flogs Bahrain 5-0. Y'know, the team that beat AUS 1-0. ğŸ™„",3,2024-09-10T20:25:10Z
@michaelhein2689,ğŸ˜ğŸºğŸ‡©ğŸ‡ªğŸ‘,0,2024-09-10T20:21:41Z
@lunatic7717,Selesai tu Australia,0,2024-09-10T20:19:23Z
@whambamglam735,"After the 6 - 0 hiding v Japan in October, the penny will finally drop. Australia are being exposed as a second tier football country in Asia.",0,2024-09-10T20:12:01Z
@Cherembo1953,"Disaster..arnold must go now!! Forget world cup...this team cant beat anybody  ,we dont have it!!",1,2024-09-10T20:01:01Z
@isoakkfgy4462,Time for Arnold to go.,1,2024-09-10T19:55:21Z
@Fianzaw,Arnold out bad,0,2024-09-10T19:49:20Z
@koopsjunta,"â€˜Another chance comes, and another chance goesâ€¦â€™. Yep.",0,2024-09-10T19:48:56Z
@simonwale6993,With OFC having one spot for qualification. Staying in the Oceania confederation would be a walk in the park for WC qualification with only NZ to beat.,0,2024-09-10T19:37:49Z
@JayKay0987,Australia are so shit. The standard of players that they have is an embarrassment,0,2024-09-10T19:37:17Z
@ã‚ã‚-l8w,Indonesia drew with Saudi Arabia and then drew with Australia. How did they get to this level? They weren't at this level in the World Cup qualifiers four years ago.,30,2024-09-10T19:32:02Z
@adriangahinsah372,"It's not about Australia playing bad. It's Indonesia that improve so much in the last two years. 
Last AFC U23 Indonesia beat Australia (1-0) Jordan (4-1) and South Korea (pen) to go to quarter final. 
Indonesian football have bright future.",19,2024-09-10T19:29:52Z
@yogadewa-wy4xc,is Harry Maguire playing for australia now?,0,2024-09-10T19:28:51Z
@louyht7,Australia vs Holland B+ team lol,1,2024-09-10T19:10:57Z
@shahriarokon7638,Australia where are you?,0,2024-09-10T19:10:34Z
@tdali6095,This garbage federation expected australians to pay for this crap. ğŸ˜‚ Very happy with this result it's great karma,0,2024-09-10T19:09:53Z
@Pandaaaa66,Great Australia can hold Indonesia to a draw ğŸ‰,1,2024-09-10T18:59:15Z
@ansarullaharyamateng6027,"ğŸ‡¸ğŸ‡¦ : i told u it wasnt easy.
ğŸ‡¦ğŸ‡º : yeah u righ 

ğŸ˜‚ğŸ˜‚",1,2024-09-10T18:57:53Z
@mintendo3ds,"Congratulations indonesia from Japan.
Lets get a ticket to world cup 2026 together.",189,2024-09-10T18:56:14Z
@Wilko11,It's already looking likely Australia will miss the next world cup. Losing at home against Bahrain in front of a capacity crowd was inexcusable. And a draw against Indonesia with 16 corner kicks without being able to score is ridiculous. Bahrain just played their next game at home against Japan and were thrashed 0 - 5. With Australia playing Japan in Tokyo next month their campaign is already in deep trouble.,22,2024-09-10T18:51:38Z
@Barudakuwa,Woww amazing fottball,0,2024-09-10T18:50:54Z
@ALMusicProductionandRecording,"Congratulations Aussie, succesfully defending Indonesia so well in our country, your team was very good. But, fortunately we have Paes, he is brilliant. And 0 : 0 not bad fot both. Thanks, regards from Jakarta",2,2024-09-10T18:48:15Z
@reyhan1538,"ğŸ‡¯ğŸ‡µ:ğŸ¤£ğŸ¤£ğŸ¤£ğŸ¤£
ğŸ‡¸ğŸ‡¦:ğŸ¤«ğŸ¤«ğŸ¤«ğŸ¤«
ğŸ‡²ğŸ‡¨:ğŸ˜ğŸ˜ğŸ˜ğŸ˜
ğŸ‡¦ğŸ‡º:ğŸ™„ğŸ™„ğŸ™„ğŸ™„
ğŸ‡§ğŸ‡­:ğŸ¤­ğŸ¤­ğŸ¤­ğŸ¤­
ğŸ‡¨ğŸ‡³:ğŸ˜­ğŸ˜­ğŸ˜­ğŸ˜­",0,2024-09-10T18:47:39Z
@ilhamwan,Good game Socceroos! See you in AustraliağŸ‡®ğŸ‡©ğŸ‡¦ğŸ‡º,1,2024-09-10T18:37:57Z
@DLHS92,Shitty  pitch,1,2024-09-10T18:31:09Z
@abdulazis9263,Jdkdkfkfk,0,2024-09-10T18:29:36Z
@TatiSuryati-i5s,"Alhamdulillah Indonesia bisa da8 poin dari tim yg rangking nya jauh lebih baik dari Indonesia, Australia tim kuat Indonesia bisa dapat poin syukur Alhamdulillah",0,2024-09-10T18:29:15Z
@JonahNineveh,"Australia please evaluate, a lose and a draw? Is it the player or the coach?",0,2024-09-10T18:27:23Z
@WP_758,Permisi indonesia mau  otw ke piala dunia ya guysğŸ˜‚ğŸ˜‚ğŸ˜‚,0,2024-09-10T18:22:48Z
@ahlisingkong5073,"Careful Australian folks, barbaric netizens from another planet r manuevering, hunting for victims to be bullied.ğŸ˜‚",0,2024-09-10T18:22:35Z
@AmyJackson-h5o,Keegan Spur,0,2024-09-10T18:18:57Z
@arifcobain91,"Forza Indonesia ğŸ‡®ğŸ‡©ğŸ‡®ğŸ‡©ğŸ‡®ğŸ‡© 
Good Game Australia ğŸ™",1,2024-09-10T18:15:08Z
@MeldiMeldi-ri2hb,"Apa yang terjadi pada Australia, 2 pertandingan 0 gol?",0,2024-09-10T18:08:47Z
@hakowy5992,Awer mabil is hopeless..,0,2024-09-10T18:08:17Z
@Video21143,Indonesia,0,2024-09-10T18:00:37Z
@jch19105,This is Paes is not OnanağŸ˜…,0,2024-09-10T17:55:42Z
@pinggirjalan9951,Enakan ini komentatornya dari pada Ahayyyy... ah sudahlah.....,0,2024-09-10T17:54:17Z
@blairwich1935,Very sad as an Aussie. Indonesia though ... you guys deserve ALL the praise for keeping your shape and being organised. Bright future ahead.,139,2024-09-10T17:47:20Z
@Wanderlust58,"Congratulation indonesia. Martin Paes MOTM. 
Love from UKğŸ´ó §ó ¢ó ¥ó ®ó §ó ¿",19,2024-09-10T17:46:44Z
@hati_merdeka,ausi team yang bagus mampu menahan team indonesia yang luar biasa,0,2024-09-10T17:46:38Z
@wahyunurrachmad2976,"ğŸ‡¸ğŸ‡¦ : â€œkan udah kubilanginâ€
ğŸ‡¦ğŸ‡º : â€œğŸ˜¢â€",1,2024-09-10T17:41:54Z
@rafaelspeed1490,Liat negara yg sepakbola nya maju sprti australia mereka tdk prnh membahas soal naturalisasi atw pmain kturan....yg mereka bahas 11 orang lawan 11 orang di lapangan....tdk sprti negara yg msih miskin sepakbolanya mslh itu trs yg di bahas klo indonesia brmain bagus...jd gk usah trrllu di anggap klo ad negara tetangga yg ngbahas itu...anggap aja sampahğŸ˜‚,0,2024-09-10T17:41:26Z
@ghasakboy6477,Graham Arnold out,0,2024-09-10T17:32:34Z
@dwidwi2710,"Jika Indonesia tidak ada Martin paes ,kemungkinan besar akan babak belur..",1,2024-09-10T17:32:16Z
@hafizammri9496,Hebat indonesia sama kuat dgn gergasi asiağŸ‡²ğŸ‡¾,1,2024-09-10T17:24:52Z
@asrispot5302,Peringkat Australia 24 melawan peringkat 132 tpi g mampu buat gol,0,2024-09-10T17:20:28Z
@noor19w9allmari,ØªØ±ÙØ¹ Ø§Ù„Ù‚Ø¨Ø¹Ø© Ù„Ø§Ù†Ø¯ÙˆÙ†Ø³ÙŠÙŠØ§,1,2024-09-10T17:20:19Z
@Howtou666,i'm wasting my time watching this match,0,2024-09-10T17:18:29Z
@reobagus,"someday when indonesian team completed australia gonna have more big trouble, since indonesian need more attacking players...for defender cant say much, they superb now, plus 2 of indonesian new stars still in reserve, mersh hillgers and eliano...plus our new attackers still on the way to completed the team.",1,2024-09-10T17:12:29Z
@Gers777,ğŸ‡ºğŸ‡¿ğŸ¤ğŸ‡®ğŸ‡©,0,2024-09-10T17:11:14Z
@boykingbee5891,syabas indonesia...â¤,0,2024-09-10T17:09:13Z
@SuperJuniorquintero,You guys down under need to demand for Graham Arnold to get sacked. Here in America we demanded for Gregg Berhalter sacking and it happened.,0,2024-09-10T17:08:47Z
@MasNugMasterHipnotis,Menyala Abangku â¤ğŸ”¥ğŸ”¥ğŸ”¥ğŸ‡®ğŸ‡©ğŸ‡®ğŸ‡©ğŸ‡®ğŸ‡©,1,2024-09-10T17:06:26Z
@heromail2903,"Please note that Indonesian team only had one week preparation and without trial match at all, therefore draw against Saudi Arabia and Australia is not bad results at all",26,2024-09-10T17:04:07Z
@tarunarachmad3976,australia is not asia,0,2024-09-10T17:03:03Z
@zuriyatmustafian3953,ğŸ‡²ğŸ‡¨,0,2024-09-10T17:02:28Z
@teguhsugiarto4196,Marten paes onfire,0,2024-09-10T16:58:58Z
@randyblaszczykowski5200,Netherland C vs England B,1,2024-09-10T16:58:45Z
@Muhammadabdullah-m7d5m,Un lucky australian,0,2024-09-10T16:58:20Z
@AngelaErlando9,This is Indonesia's golden era â¤,34,2024-09-10T16:55:56Z
@kampret3852,MAKA BERBONDONG BONDONGNLAH NETIZEN SAMPAH INDONESIA KOMEN DISINI,0,2024-09-10T16:55:21Z
@Myamamma,"Terrible soccer field. Itâ€™s hard to dribbling, passing and shooting.",0,2024-09-10T16:54:49Z
@n.c.37,I am French; what is happening with Australia? Here we don't have much information on Australian football but I often read comments that lament the game played by the Socceroos,1,2024-09-10T16:53:35Z
@IErfanCN,GG,0,2024-09-10T16:53:08Z
@TheZORO012,Ø§Ù†Ø¶Ù…Ø§Ù… Ù‡Ø°Ù‡ Ø§Ù„Ø¯ÙˆÙ„Ø© Ø§Ù„Ù‰ Ø£Ø³ÙŠØ§ Ø§ÙƒØ¨Ø± ØºÙ„Ø· ØŒ Ø§ØªÙ…Ù†Ù‰ Ø·Ø±Ø¯Ù‡Ù… Ø®Ø§Ø±Ø¬ Ø§Ù„Ù‚Ø§Ø±Ø© Ø§Ù„ØµÙØ±Ø§Ø¡ ØŒ Ø¨Ø±Ø§ÙÙˆ Ø§Ù†Ø¯ÙˆÙ†ÙŠØ³ÙŠØ§ ğŸ˜‚âœ”ï¸,43,2024-09-10T16:51:35Z
@walid3731,indonesia front playing very weak but goal keeper very strong,1,2024-09-10T16:48:26Z
@rahmatyasinaceh8907,IndonesiağŸ‡®ğŸ‡©ğŸ‡®ğŸ‡©ğŸ‡®ğŸ‡©ğŸ”¥ğŸ”¥ğŸ”¥ğŸ”¥ğŸ”¥ğŸ’ªğŸ’ªğŸ’ªğŸ’ªğŸ’ª,5,2024-09-10T16:48:21Z
@yudhigrunge8491,Australia cukup bagus .tapi Indonesia kuat di belakang..,0,2024-09-10T16:47:34Z
@MesinJackpoot,Trima kasih Australian telah berbagi poin dengan IndonesiağŸ˜‚,1,2024-09-10T16:46:34Z
@KamenRiderBlack90,Hebat Australia mampu menahan imbang Indonesia di GBK ğŸ‘ğŸ‘ğŸ‘,1,2024-09-10T16:45:51Z
@radenramandajahansyahtono155,Australia really play well.,0,2024-09-10T16:45:18Z
@kaorimiyazono9921,Mending pecat pelatih mu ituğŸ˜‚,0,2024-09-10T16:41:58Z
@zonacelwaalwijk,FROM 4-0 IN QATAR TO 0-0 IN JAKARTA  ğŸ¤£,1,2024-09-10T16:40:04Z
@lifeinpark2426,Indonesia defend was soo strong and solid..,4,2024-09-10T16:36:35Z
@CleanzGaming,Indonesia fans so noisy ğŸ¦…ğŸ”¥ğŸ”¥,0,2024-09-10T16:36:10Z
@dedesupriadi3979,Out Arnold,1,2024-09-10T16:35:34Z
@KlanYato-go8tl,Thank you for hard workğŸ‡®ğŸ‡©,0,2024-09-10T16:35:13Z
@ponkbekr1283,Marten Paes MOTM. Menyala Indonesiaku...,0,2024-09-10T16:35:07Z
@santuii6110,Well played aussie . Nice try,0,2024-09-10T16:32:50Z
@althealingstory6502,"Terima kasih. . . Kalian sudah bermain mengimbangi kami.kami tau itu buruk buat kalian.tapi ini baik buat kita.saya senang tapi saya gak akan tertawa,karena saya harus menghargai kalian yang sudah mau berbagi poin",1,2024-09-10T16:32:37Z
@irfanbinrusdi,Does Australia regret switching federations? Zealanders laugh at this,5,2024-09-10T16:30:21Z
@wandhanyzilguin3087,INDONESIA STRONGER FOOTBALL ASiAn ğŸ‰â¤ğŸ˜…,0,2024-09-10T16:29:43Z
@RamonJulian_,"We must go back to OFC, Asia too difficult for us",5,2024-09-10T16:28:45Z
@aryaPangestu-zc6gj,ğŸ˜…ğŸ˜…ğŸ˜‚ğŸ’ƒğŸ’ƒğŸ’ƒğŸ’ƒğŸ‡®ğŸ‡©ğŸ‡®ğŸ‡©ğŸ‡®ğŸ‡©â¤ğŸ˜,0,2024-09-10T16:28:11Z
@EfeRen-fk1yx,"Makin lebih seru kalo komentator nya inggris begini, sayang kamera nya kurang keatas",0,2024-09-10T16:27:48Z
@EniKrisnawati-r4l,Bagaimana rasanya lawan group rank 131 bang..ğŸ˜‚ğŸ˜‚ğŸ˜‚,0,2024-09-10T16:27:21Z
@cahyospn723,WOW suporters atmosfier!ğŸ‘,0,2024-09-10T16:26:12Z
@olatundedave,Australia should just go back to their continent and be competing there,1,2024-09-10T16:26:09Z
@bartanz7686,Goo Goo Goo ğŸ‡®ğŸ‡©ğŸ‡®ğŸ‡©ğŸ‡®ğŸ‡©,0,2024-09-10T16:25:12Z
@seochanart,GG Australia. It was a tough match ğŸ”¥,0,2024-09-10T16:22:01Z
@joekabak2621,What highlights?,0,2024-09-10T16:21:31Z
@samekoilakes6491,"Efek dserang 7 hari 7 malam, pak ET tolong cepat cari stiker hauz goal, dan lini tengah tambah lagi yg paten belakamg kiper OK, tp tengah dan depan belgedes",0,2024-09-10T16:21:16Z
@rumahjogjanetwork,â¤â¤â¤â¤â¤â¤â¤â¤â¤â¤â¤â¤â¤â¤â¤ Indonesia,0,2024-09-10T16:21:08Z
@highlandsquadchannel6116,selamat untuk Australia karena sudah mampu menahan imbang Indonesia,0,2024-09-10T16:20:54Z
@rumahjogjanetwork,Indonesia â¤â¤â¤â¤â¤â¤â¤â¤â¤â¤â¤â¤â¤â¤â¤â¤â¤â¤â¤â¤â¤â¤,0,2024-09-10T16:20:51Z
@duniagame9817,Kami kuat karna kami memiliki banyak pemain asing yang disewa dari Eropa ğŸ˜‚ğŸ˜‚ğŸ˜‚ kakak Belanda ğŸ‰ğŸ˜‚ğŸ˜…,0,2024-09-10T16:20:41Z
@Ggctvmdpl,Indonesia dongğŸ‡®ğŸ‡©ğŸ”¥ğŸ”¥ğŸ”¥ğŸ”¥,0,2024-09-10T16:19:59Z
@ÙƒØ§Ø¸Ù…Ø´Ø§Ù‡Ø±ÙƒØ§Ø¸Ù…Ø§Ù„Ø®Ø²Ø±Ø¬ÙŠ,Ù†ØªÙ…Ù†Ù‰ ÙÙˆØ² Ø§Ù†Ø¯Ù†ÙˆØ³ÙŠØ§ Ù…Ù† Ø§Ù„Ø¹Ø±Ø§Ù‚,1,2024-09-10T16:19:12Z
@ekohartono7090,Alhamdulillah bisa seri ğŸ˜Š,0,2024-09-10T16:18:52Z
@polorengat,"Ndelok highlights iki ae, ben vibes eropah",0,2024-09-10T16:18:23Z
@samarthbagwe1736,"These dutch players really saving Indonesia right now 
Australia looks out of cue",0,2024-09-10T16:18:22Z
@RezaArdian-m8d,same good because it has shared the box number friend ğŸ˜‚,0,2024-09-10T16:17:27Z
@ndoydoyo5035,Big thank @fc_dallas ğŸ˜Š,0,2024-09-10T16:17:10Z
@ardihamzah5285,ğŸ‡²ğŸ‡¨ğŸ‡²ğŸ‡¨ğŸ‡²ğŸ‡¨ğŸ‡²ğŸ‡¨,0,2024-09-10T16:17:09Z
@NoLuckJKMY807,"Well played, Team Garuda. Seems like Indonesia is even stronger now with Maarten Paes as the No.1 goalkeeper.",7,2024-09-10T16:16:42Z
@Hikawan-b1f,"Sebagai pendukung indo saya kurang puas dengan hasil 0-0 ,.harusnya bisa curi poin 3 ,soalnya di kandang sendiri & hampir full pemain keturunan",1,2024-09-10T16:16:37Z
@kjcolection7122,"Indonesia vs Australia 
Ibarat anak dan bapak 
Indonesia harus banyak belajar dari Australia dan tim2 kuat asia lainnya",0,2024-09-10T16:15:18Z
@levidhani,Indonesia siap menghadapi jepang,0,2024-09-10T16:12:02Z
@nendypramadhan7240,THIS IS GARUDA,0,2024-09-10T16:10:35Z
@kuku-t6f,Football Australia di dominasi netizen indo broğŸ˜€ğŸ˜€,1,2024-09-10T16:09:46Z
@upperza3334,ğŸ˜…ğŸ˜… à¸­à¸´à¸™à¹‚à¸”à¸™à¸µà¹€à¸‹à¸µà¸¢à¸™à¸µà¹ˆà¹à¸¡à¹ˆà¸‡à¹‚à¸„à¸•à¸£ lucky à¹€à¸¥à¸¢,0,2024-09-10T16:09:09Z
@Oneshoot777,Ganti saja nama federasi sepakbola kalian dengan nama Indolia ğŸ˜‚ğŸ˜‚ğŸ˜‚,0,2024-09-10T16:08:59Z
@UtuhKulir-i8i,Paes luar biasa,0,2024-09-10T16:08:56Z
@juliettst5203,"Ahhh no wonder Indonesian goalkeeper is different is good.
Ryan and the team played well.",8,2024-09-10T16:08:38Z
@tofa_canser4835,Indonesia ğŸ‡®ğŸ‡©,0,2024-09-10T16:07:30Z
@denisaputra1788,Peehhh ğŸ”¥,0,2024-09-10T16:06:38Z
@imyourdad8049,kasih keras bg aussie ğŸ˜…,0,2024-09-10T16:06:37Z
@agungprasetiyo5790,Thanks Aussie to give us a Great Game againt Indonesia,1,2024-09-10T16:05:05Z
@sansjobs,"Kesini mau liat ekspresi muka si Goodwin pas nendang free kick ama corner,, ekspresi mukanya kaya habis makan seblak bikin saya senyum ketawa-ketawağŸ˜‚ğŸ˜… tapi ga ada rupanya ga ke rekam ğŸ˜“",0,2024-09-10T16:04:25Z
@sosiej,Australia plays really good. But Indonesian goal keeper is insaneğŸ˜… so many save from marteen paes.,1,2024-09-10T16:04:09Z
@Lintassejarah-w9v,The rise of Southeast Asian football,3,2024-09-10T16:03:44Z
@lhembadz1,"Australia sangat kuat, kita beruntung punya Paes, Idzes, Ridho",2,2024-09-10T16:03:04Z
@BloxFCeditZ,"Congrats to my Indonesian brothers 
From India",49,2024-09-10T16:03:01Z
@MuncuILagi,ì¶•í•˜í•©ë‹ˆë‹¤. ê·€í•˜ëŠ” í•´ë‹¹ ì§€ì—­ì—ì„œ ìµœê³ ì˜ íŒ€ì…ë‹ˆë‹¤.,0,2024-09-10T16:02:53Z
@jeromechandramudha4690,Rank 25 with giants against rank 134 .. last time we lost 4-0 .. U23 won 1-0 .. today 0 - 0 ... we gonna  win you next time,21,2024-09-10T16:01:40Z
@ahmadnurandiwijaya3596,"Pemain bola Indonesia
Sedang menunggu striker",0,2024-09-10T15:59:06Z
@erlanddaffary4322,Australia tidak mengalami kemunduran melainkan Indonesia yg banyak mengalami kemajuan...goo sepakbola Indonesia,239,2024-09-10T15:58:39Z
@Diago_kosta,"Australia plays well but Indonesia's goalkeeper is better, do you accept that?",0,2024-09-10T15:58:36Z
@mankrysta718,Why Australians keep hating their team?? They should be appreciated for being able to hold a world class team like indonesia to a draw,60,2024-09-10T15:58:29Z
@izzathadi4006,team Indonesia pemain bolanya asli Indonesia ?? ğŸ˜®,0,2024-09-10T15:58:19Z
@setiawanteknikmagelang6257,Netijen indo mulai go internasional ğŸ˜‚,0,2024-09-10T15:58:17Z
@AirlanggaRayyan,ğŸ˜‚ğŸ˜‚ğŸ˜‚ğŸ˜‚ğŸ˜‚ğŸ˜‚,1,2024-09-10T15:55:15Z
@masrahmatmukin7960,Lini Bertahan Indonesia Kuat tetapi Lini Serang Tumpul semoga Menghadapi Cina dan Bahrain nanti bisa meraih kemenangan Beruntun 2 kali Tandang dan Kandang Di Tahun 2024/2025 nanti.,1,2024-09-10T15:54:24Z
@asedf3542,ğŸ’ªğŸ’ªğŸ‡®ğŸ‡¶ğŸ‡®ğŸ‡¶ğŸ‡²ğŸ‡¨ğŸ‡²ğŸ‡¨,2,2024-09-10T15:54:10Z
@giugno1735,Indie-Holland vs New Holland.,3,2024-09-10T15:53:54Z
@indobarbar9007,Australi yg sekarang dah maju dengan pesat sudah bisa mengimbangi permainan king indoğŸ˜…just kidding Australia ğŸ™ğŸ™ anda lawan yg hebatğŸ˜ğŸ‡®ğŸ‡©ğŸ¤ğŸ‡¦ğŸ‡º,0,2024-09-10T15:51:29Z
@DavidYudianto,24 vs 133 ???? 0-0ğŸ˜‚ğŸ˜‚ğŸ˜‚ğŸ˜‚,0,2024-09-10T15:50:00Z
@turmujiturmuji3015,Tanpa paes Indonesia berak kapur d kandang sendiri..,1,2024-09-10T15:49:12Z
@westyank,Marten de gea,1,2024-09-10T15:48:43Z
@busroralwanyadi9380,Selamat buat kita yang telah berbagi 1 poin,0,2024-09-10T15:48:40Z
@agungpribadi,Nice play for both team..,0,2024-09-10T15:47:47Z
@arifingondes5083,Mantap bang....ğŸ˜Š,0,2024-09-10T15:46:20Z
@doubleclick8793,Good Game...rank 20 vs rang 132,0,2024-09-10T15:45:22Z
@hadiherman-s3k,"GG mate,  it's a very entertaining match to watch, Big love from Indonesia bruh â¤",1,2024-09-10T15:45:19Z
@IrfanAulia-tm1xf,"Mana 10-0 a gondrong kc x.....
Jalan pun gk teammu di lapangan",0,2024-09-10T15:45:15Z
@basukeproduction,PAES MOTM,2,2024-09-10T15:44:27Z
@Netflix_Kingbob,"Sick of Australian football being this brand of physical and slow tactics with overloading the box and just sending crosses in, we have the talent and funds to start coaching a more fluid brand of football which encourages playing to keep possession of the ball and slowly break low block teams down,",1,2024-09-10T15:44:19Z
@JsjsjsJsnnsndd,Australia lebih banyak pemain impornya di banding pemain asli australia ğŸ˜‚ğŸ˜‚,0,2024-09-10T15:44:13Z
@Toup5Things,remember manchini Saudi Arabia 1-1 Indonesia.,0,2024-09-10T15:43:35Z
@pernahgantenggg,"Ranking is just number..
Menyalaaaaa Garuda !!!!!!!",1,2024-09-10T15:42:12Z
@satryonugroho5296,"Australia bukan benua asia, tapi ikut kualifikasi asia..ğŸ˜‚ğŸ˜‚ğŸ˜‚ğŸ˜‚ğŸ˜‚ğŸ˜‚",0,2024-09-10T15:41:27Z
@agungek1393,Respect ğŸ¤ğŸ‡¦ğŸ‡º,0,2024-09-10T15:41:16Z
@shakilla312,"Australia mengajarkan bagaimana cara menyerang.. 
Dan indonesia mengajarkan bagaimana cara bertahan.. 

Dalam hal ini skor imbang sangat menguntungkan indonesia..",61,2024-09-10T15:40:55Z
@dawetayuchannel2505,Indonesia..dung dung dunf,0,2024-09-10T15:40:54Z
@syarulhussin9291,"Tahniah Australia sejarah baru bisa imbang belanda d kandang lawan,,.",1,2024-09-10T15:40:40Z
@29Kka,ê³¨í‚¤í¼ ìˆ˜ì… ì˜í–‡ë…¸,1,2024-09-10T15:40:37Z
@IrwanRudy-m5f,I hope indonesia's team will step  upgrade on next match ğŸ˜Š,18,2024-09-10T15:40:06Z
@RvNn23,King indo ni bos ğŸ”¥,0,2024-09-10T15:39:51Z
@YuslianiAchmad,"The best grass stadion In the world,, better than bernabeu and alianz arena,,, Pertahankan pengelola GBK, kalian luar biasahhhhğŸ‰ğŸ‰ğŸ‰ğŸ‰",0,2024-09-10T15:39:48Z
@alquranchannel96,"According to the Bible, Jesus is not God, in the Bible there are criteria for God and in the Bible, Jesus does not meet the criteria for being God

1. No one has ever seen God (1 John 4:12) whereas no one has seen Jesus 
2. God is not human (Numbers 23: 19, Hosea 11:9) while Jesus is human (Acts of the Apostles 2:22) 
3. God did not die (1 Timothy 1:17) while Jesus died (1 Corinthians 15: 3-4) 
4. God does not need a savior (Luke 1:37) while Jesus needs a savior (John 4:6-9) 
5. God is not weary (Isaiah 40:28) while Jesus was weary (John 4:6) 
6. God does not sleep (Psalm 121:2-5) while Jesus sleeps (Mark 4:38)

According to the Bible, Jesus was only a prophet based on 3 testimonies 

1. Testimony of people who lived at the same time as Jesus that Jesus was a prophet 
  # Matthew 21: 10-11 >> all the people who were contemporaries of Jesus called him the prophet from Nazareth in Galilee, descendant of David 
  # Mark 14:65 >> Jesus' enemies (Jewish high priests) who wanted Jesus to be executed said he was a prophet, 
  # Luke 24 : 18-19-20 >> After 3 days of the crucifixion, a stranger asked people who were contemporaries of Jesus, about the condition of Jesus, why he was on the cross, then one of the people who were contemporaries of Jesus, his name was Cleopas, said Jesus was a prophet but the Jewish high priests handed Jesus over to be executed 
  # John 7:40 >> Many people who were contemporaries of Jesus said he was a prophet 

2. Jesus' own testimony: Jesus was only a prophet 
  # Matthew 13:34-35 >> Jesus said he was a prophet who explained people who would enter the kingdom of heaven with parables, without parables they would not understand about the kingdom of heaven 
  # Mark 6:4, Luke 4:24, John 4:44 >> Jesus said that he was a prophet who was respected everywhere except in his native place 
  # Mark 12:29 >> Jesus told the Israelites the main law is to worship Allah alone, the Lord of us all, God is One/One 

3. Testimony of the Holy Spirit/Gabriel/Gabriel
  # Samuel 15:29 >> God is not human 
  # Deuteronomy 4:35,39, Deuteronomy 6:4 >> He is Allah, there is no god but Him, the only God

10 reasons Jesus is not God but Jesus is only a prophet/apostle just like Abraham/Ibrahim, Moses/Moses and Muhammad, according to the Bible 

1. In John 17:3 Jesus said there is no god but Allah and Jesus Christ is only the messenger/prophet/apostle of Allah 
2. If Jesus is God, God is all-knowing of everything (Isaiah 46:9-10) but in Matthew 24:36 and Mark 13:32 Jesus does not know when the day will end, because Jesus does not know when the day will end, then Jesus does not know everything, because Jesus does not know everything then Jesus is not God 
3. In Matthew 7: 21-23 it is stated that everyone who thinks Jesus is God will not enter heaven, in the last days Jesus will not recognize and expel people who think Jesus is God 
4. In John 16:25-26, on the last day, Jesus tells us who the Father/God really is, frankly, that prayer should only be to the Father/God, not Jesus, the person who prays to Jesus, Jesus will not ask the Father for salvation for that person, because the one who loves humans is the Father/God, not Jesus, Jesus only comes from the Father and returns to The Father is the same as the prophets and other humans. 
5. In Isaiah 29: 12 prophesies that the revelation/word of God will one day be given to a person who when asked to read, he answered I can't read and that's Muhammad because in the history of Muhammad's life all the writers report that, when he received revelation in the cave of Hira he told to read by the angel Gabriel/Gabriel ""read"" he said I can't read and the first revelation revealed was ""iqra"" read
6. In Song of Solomon 5:16, it tells a prophecy about the prophet Muhammad, that the future lover of the prophet Solomon/Sulaiman, the name Muhammad, is written there in the original Hebrew language which, if pronounced, reads ""mahamadim"" the prefix im means respect for the name because of its value. attached to the name (everything about him is attractive, his words are sweet, etc.) 
7. In John 16:12-16 Jesus said that I still have a lot to say to you but later there will be a spirit of truth (the angel Gabriel/Jibril) who will come to a messenger/prophet after me who will lead in the truth, who will say no according to him but according to the revelation/word of God, who announces to you things that will come (apocalypse, life after death, etc.), which he will glorify me, that is Muhammad, Muhammad glorified Jesus as a prophet, glorified Mother Mary, the mother of Jesus, Muhammad conveyed news about things the future (apocalypse, life after death) in the Koran, Muhammad comes after Jesus. 
8. In the historical writings about Paul, Paul was a person full of hypocrisy, he killed Jesus' obedient disciple (Stephen) and helped King Herod (the Roman-Jewish king) to kill the other disciples of Jesus until they were finished, he only pretended to repent with confession. himself by saying he had met Jesus, to change the gospel with his own hands, (Provenly Paul's letter -14 letters- dominates the New Testament Bible -27 letters-) while his name is not in the 12 disciples of Jesus or the 70 disciples of Jesus
9. There are differences between the teachings of Paul and Jesus, differentiate between the teachings of Paul and Jesus and you will find Islam 
  1) Jesus said don't think that my coming will abolish the law, no! I just fulfilled it (Matthew 5:17-20), but Paul said the coming of Jesus abolished the law (Galatians 2:16), 
  2) Jesus ordered circumcision (Luke 2:21), but Paul forbade circumcision (Galatians 5:6 / 1 Corinthians 7:19) 
  3) Jesus forbade eating unclean meat/swine (pork) (Leviticus 11:7-8), (Isaiah 65:4), (Deuteronomy 14:8) and strong drinks (Isaiah 5:22) but Paul made pork permissible (Romans 14:17) and strong drink (1 Timothy 5:23) 
  4) Jesus never said he was God but only a prophet (John 13:16), but Paul considered Jesus to be God (1 Corinthians 8:6) 
  5) Jesus forgave the 2 people who were crucified (Luke 23:32-38), but Paul cursed the 2 people on the cross (Galatians 3:13) 
  6) Jesus taught that there are no inheritance sins, children are pure from sin (Mark 10:13-16) while Paul taught inheritance sins (Romans 5:12-21) 
  7) Jesus said the sins were borne by himself (Matthew 16:27) while Paul said the sins were borne by Jesus (Colossians 1:13-14) 
10. In the book of Deuteronomy 6 verse 4 God is Ehad/Ahad/Esa (one) not a unity or trinity",0,2024-09-10T15:39:15Z
@h.mhandachannel,Indonesia is amazing ğŸ‰ğŸ‰â¤â¤,3,2024-09-10T15:38:18Z
@rakeandigul5024,ğŸ‡®ğŸ‡©ğŸ‡®ğŸ‡©ğŸ‡®ğŸ‡©ğŸ‡®ğŸ‡©ğŸ‡®ğŸ‡©ğŸ‡®ğŸ‡©,0,2024-09-10T15:38:03Z
@Nenin-v3z,Dan kami indonesia akan mencuri 3 poin di tempat andağŸ˜‚ğŸ‰,0,2024-09-10T15:37:45Z
@fahmivisual,I think both sides has the same problems on attacking players,26,2024-09-10T15:37:16Z
@Pemainketurunan11,Good INDONESIA,8,2024-09-10T15:37:13Z
@ramavlogchannel8030,Australia vs marten paesğŸ˜‚,0,2024-09-10T15:34:53Z
@yufarifootball,Peringkat fifa 24 vs 131 indonesia hebaat,0,2024-09-10T15:33:53Z
@sangkokigunung9504,Marteen paes sak jose timnas indonesiaâ¤,0,2024-09-10T15:33:30Z
@liemphu_quetoi,ChÃºc má»«ng indonesia .tÃ´i Ä‘áº¿n tá»« viá»‡t nam cÃ¡c báº¡n xá»©ng Ä‘Ã¡ng lÃ  sá»‘ 1 Ä‘Ã´ng nam Ã¡ tÃ´i Ä‘áº¿n tá»« ğŸ‡»ğŸ‡³,501,2024-09-10T15:33:29Z
@medhiexoticlovers6866,Mantap klo komentator bahasa inggris,1,2024-09-10T15:33:00Z
@sairunsusanto6030,Pertandingan yg tidak mudah bagi kedua tim. Serangan yg variatif dan pertahanan yg solid. Saya kira ini hasil yg fair. Mari kita pergi ke piala dunia bersama,21,2024-09-10T15:32:14Z
@woofu9872,Kok orang australi dikit ya yg nonton timnasnya sendiri,0,2024-09-10T15:32:09Z
@astrophile.4241,Marten Paes was superb tonight,86,2024-09-10T15:32:02Z
@tinoadit4022,"Australia has a lot of experience in the World Cup and Asia, often meets strong teams from Europe and Asia, Indonesia just wants to learn a lot about football",51,2024-09-10T15:31:57Z
@gjeess1,"One loss and one draw!! Australia has problems when the opposition tends to park the bus, indicating a midfield that lacks a creative mind. Based on those two games other countries won't be threatened by the Socceroos.",0,2024-09-10T15:30:06Z
@erick3693,"Saya kira kami bisa menang di kandang sendiri, tapi ternyata Australia masih sangat sulit ditaklukkan.",4,2024-09-10T15:28:52Z
@annazalvaro-c5r,Rumputnya burik,0,2024-09-10T15:27:18Z
@Pemulungrendahan,AUS NO LUCKY...INDO NEED STRIKER N teamwork...,0,2024-09-10T15:27:04Z
@sangmalaikat3791,Indonesia king of asiağŸ”¥,1,2024-09-10T15:25:08Z
@mariokhempesotodidak8521,Indonesia 131.australia 24. Wow indonesia,0,2024-09-10T15:25:02Z
@andyboriel1832,"Indonesia mode catenaccio. Strong Defensive Walls. Garuda Cosplay Gli Azzuri. Good Job Maarten "" Buffon "" Paes , Rizki ""Maldini"" Ridho, Jay ""Nesta"" Idzes, Justin ""Cannavaro"" Hubner. Forza Garuda...Vamos",5,2024-09-10T15:24:55Z
@kucingbinal1440,"Australia played aggressively.. Indonesia was only able to defend. A tiring match.. Thank you Indonesia, we got another point ğŸ‡®ğŸ‡©â¤ï¸",58,2024-09-10T15:24:04Z
@muhammadsyafiq1640,Fair dinkum mate!,0,2024-09-10T15:23:55Z
@MuhammadHasan-lh2rh,Indonesia â¤,0,2024-09-10T15:23:15Z
@dodigunawan2957,modern football no need fifa rank ....,1,2024-09-10T15:21:08Z
@sulton23,It was great to compete with Australia,2,2024-09-10T15:20:40Z
@rizkidicara7028,ITS not Australia play bad football but Indonesian now have a better and qualified player from the Dutch heritage. So now we can equaly compete in the worlcup.,0,2024-09-10T15:19:50Z
@s96liquid,Hasil yang fair,0,2024-09-10T15:19:41Z
@michelle-nm2jk,Komodo dragon... ğŸ‡®ğŸ‡©ğŸ‡®ğŸ‡©ğŸ‡®ğŸ‡©ğŸ‡®ğŸ‡©ğŸ‡®ğŸ‡©ğŸ‡®ğŸ‡©,1,2024-09-10T15:19:20Z
@LiuZheng-z4l,Fans Indonesia stop bully Australia. Jgn kaya bocil,0,2024-09-10T15:19:19Z
@mulyadi3151,King indo nih bossss,2,2024-09-10T15:19:10Z
@ainurhafid8045,Garuda vs socerross,1,2024-09-10T15:18:39Z
@chairystabrick5335,good game... good defenders vs good attackers,0,2024-09-10T15:18:33Z
@iyaslubis7391,Australia vs martin paes ğŸ˜‚ğŸ˜‚ğŸ˜‚,1,2024-09-10T15:17:45Z
@sengekgatra5986,Goalkeeper Marten Paes â¤ï¸ğŸ‡®ğŸ‡©,0,2024-09-10T15:16:57Z
@ViktorViktoryChannel,Good game. ğŸ”¥ğŸ”¥,0,2024-09-10T15:16:57Z
@papahizqil1503,Indonesia ğŸ‡²ğŸ‡¨â¤,2,2024-09-10T15:16:51Z
@ì´ì„±ë³µ-b4d,ì‹ íƒœìš© ê°ë… ìµœê³ ~~!!!,2,2024-09-10T15:16:17Z
@afifwidyawan3863,ğŸ‡®ğŸ‡©ğŸ‡®ğŸ‡©ğŸ‡®ğŸ‡©ğŸ‡®ğŸ‡©ğŸ‡®ğŸ‡©,1,2024-09-10T15:16:13Z
@nikkicherry6559,australiA OUT OF WORLD CUP CONFIRM.,1,2024-09-10T15:16:04Z
@michelle-nm2jk,GARUDA ğŸ¦…ğŸ¦…ğŸ¦…ğŸ¦…ğŸ¦…ğŸ¦…ğŸ¦…ğŸ¦…,0,2024-09-10T15:15:59Z
@ONE_outs_o,Tenag saudara seasia (australia). kita akan mengantilan anda di pialadunia 2026.â¤,0,2024-09-10T15:15:48Z
@jongfajarkelana,Mamang Paes Emang Pas Buat Timnas Indonesia â¤,2,2024-09-10T15:15:41Z
@gunksatriya643,INDONESIA â¤â¤â¤,1,2024-09-10T15:14:44Z
@wanj2,hahaha.katanya indonesia menng 3 -0,0,2024-09-10T15:14:38Z
@idoelalwahyuddin8502,Where irvine & graham arnold arrogant....????,1,2024-09-10T15:14:37Z
@MarquitaPatton-d1m,Wisoky Mount,0,2024-09-10T15:13:44Z
@Rio-mw7js,Australia vs Paes,0,2024-09-10T15:13:05Z
@danardono4412,Marteen Paes is best goal keeper of MLS,18,2024-09-10T15:12:53Z
@tapaumakan,"Don't worry, Australia. Indonesia is a pretty weak team; they parked the bus in the home match. You can just score as many goals as you want when they come to Sydney.",2,2024-09-10T15:12:52Z
@gariskeras7979,ğŸ‡¦ğŸ‡ºğŸ«¶ğŸ‡®ğŸ‡©,0,2024-09-10T15:11:22Z
@prabuhamba,"Selamat untuk ğŸ‡­ğŸ‡², 
Kalian telah berhasil menahan ğŸ‡®ğŸ‡© di Kandangnya. ğŸ‘ğŸ»

1 poin memang layak untuk masing-masing kubu.
Tetap respect untuk semua ğŸ¤.

Oh ya, jangan pukul Kakek Graham Arnold, atau pemain no 10 kalian. Mereka sudah berjuang
ğŸ˜„",11,2024-09-10T15:11:03Z
@Bakoel_Kopie,Keren2.... good...â¤,0,2024-09-10T15:10:28Z
@zupsee691,"Congratulations to both teams who played well, especially Australia, they were really dominant, but luck has not been on Australia's side, more so to Indonesia, and I think Indonesia has become a frightening team.",100,2024-09-10T15:10:05Z
@Reply2,"Australia mempunyai bek yang besarğŸ˜‚ itu sangat menyulitkan indonesia,,",0,2024-09-10T15:10:05Z
@microsorumpteropus,SACK ARNOLD,0,2024-09-10T15:10:00Z
@rezaomjix6005,â¤ğŸ‡®ğŸ‡©ğŸ‘,0,2024-09-10T15:09:59Z
@zulfika_,"Main bagus tapi kalo nontonnya di rcti berasa nonton tarkam, wkwk",0,2024-09-10T15:09:36Z
@pejantantambun7980,"Tommy welly is a good coach, i think australia need Tommy Welly to make this team go to the world cup â¤",9,2024-09-10T15:09:31Z
@charleston7970,"Australia bagus mainnya,Indonesia juga bertahan dengan bagus,penjaga gawang Indonesia sungguh bagus.",232,2024-09-10T15:09:22Z
@lambenyengir9673,Indonesia did well eventhough they get 131st position of FIFA ranksâ¤â¤ğŸ‰ğŸ‰ğŸ‰ğŸ‰,7,2024-09-10T15:08:32Z
@chifond,"what u mean worst. i'm indonesian 
australia doing good bro positioning shoot on target , but sorry our goalkeeper is on ğŸ”¥
this match is good bro",0,2024-09-10T15:08:31Z
@deddyw17exist69,Tim Garuda menuju World cup 26 bersama Australia....,10,2024-09-10T15:07:58Z
@sandiardiansyah8573,Indonesia ğŸ‡²ğŸ‡¨ğŸ‡²ğŸ‡¨ğŸ‡²ğŸ‡¨ğŸ‡²ğŸ‡¨,0,2024-09-10T15:07:40Z
@sdx3918,"Both sides have solid defenses but the attacking was just disappointing to say the least.

Indo it was just Ragnar alone 80% of the time and for Australia, Goodwin and Souttar did more attacking than the actual strikers.",36,2024-09-10T15:06:11Z
@fredericksinaga4733,133 vs 24 ğŸ˜‚ğŸ˜‚ğŸ˜‚ğŸ˜‚ğŸ˜‚ğŸ˜‚.. What happen?. ğŸ˜‚,0,2024-09-10T15:06:07Z
@pratamaadi2287,"Nice australia ,australi mengajarkan permainan yg bagus ğŸ™ ğŸ‡®ğŸ‡© ğŸ‡­ğŸ‡²",26,2024-09-10T15:05:30Z
@YossiRafindra,Dua pertandingan berturut-turut lawan tim kuat hasil imbang bukan hasil yang buruk terus berbenah Garuda ğŸ‡®ğŸ‡©ğŸ¦…,24,2024-09-10T15:05:11Z
@kelvin6172,Maarten Paes gacor,0,2024-09-10T15:04:39Z
@OldopBeting,"RANK FIFA ğŸ‡®ğŸ‡©132ğŸ‡­ğŸ‡²26ğŸ˜…ğŸ˜…ğŸ˜…ğŸ˜…ğŸ˜…ğŸ˜…ğŸ˜…ğŸ˜…
DRAW DRAW DRAW DRAW DRAW DRAW DRAW",1,2024-09-10T15:03:55Z
@torogenghis1609,ğŸ˜‚ how about that?,0,2024-09-10T15:03:34Z
@Bagus-r7v,Permainan Australia terlalu kuat .salam dari Indonesia,0,2024-09-10T15:03:00Z
@mrpizzadelivery1511,Australia soooo bad lol,1,2024-09-10T15:02:40Z
@brotherhood8852,its not because australia not good..but asian overall playing good this day..top asian team will never get easy win againğŸ˜…,70,2024-09-10T15:02:10Z
@CAK_PAIJO,Australia played well but we had Martin Paes.,49,2024-09-10T15:01:54Z
@Iqwal715,Timnas Piu Piala Liga C C M 1 K Australian Leagues City Fc Senior Lengendaris Muda Junior U 24 All Stars Xvii Baru Pelatihan Kepala Baru Sepak Bola Iqwal Fasichul Lisan Piala Liga 1 K Australian Leagues 2024/2025,2,2024-09-10T15:00:48Z
@ì‚¬ìš”ì½”í† ë¹„,Better than South Korea,0,2024-09-10T15:00:42Z
@dimasaditya5363,Arnold stay,0,2024-09-10T14:59:46Z
@inbitcoinwetrust558,Aussie on 24 rank - indonesia 131 ğŸ˜…!! This is just begun guys!!!,63,2024-09-10T14:58:24Z
@profusebug6731,"At this rate, we might not even qualify for this world cup",0,2024-09-10T14:57:41Z
@morris_davista,Cepet banget Uploadnya ğŸ™Œ mantep deh ğŸ‘,1,2024-09-10T14:57:15Z
@ruhimatawey9624,Rumput jelek banget,0,2024-09-10T14:57:10Z
@adriantonoval,your center back is so damn big. Good game btw.,27,2024-09-10T14:56:48Z
@nomaden08,Ga bisa ya mengalahkan king indo ğŸ˜‚ yang rankingnya bahkan selisih 100 lebih,3,2024-09-10T14:55:11Z
@yoesufm9978,Autralia seri karena pelatihnya Stupid.,0,2024-09-10T14:54:29Z
@tan2472,Quality is one level below Mark Viduka era,1,2024-09-10T14:53:45Z
@Arthur-g6o,Australia bermain luar biasa tapi Marten Paes bermain sangat gila!,192,2024-09-10T14:53:42Z
@nzul673,Good game AustraliağŸ¦˜ tapi indonesia kami sudah berubah ğŸ‡®ğŸ‡©ğŸ’ª,2,2024-09-10T14:53:07Z
@Ian.maulana,Saya orang Indonesia agak kecewa dgn kualitas rumput bung Karno stadium sangat mengganggu permainan Indonesia ğŸ˜¢ harusnya pertandingan ini di selenggarakan di bung Tomo stadium Surabaya yg kualitas rumput nya jauh lebih bagus kenapa di paksakan di jakarta ğŸ˜¢ rumput Jakarta baru di ganti dan belum recovery maksimal apalagi di jakarta akhir akhir ini selalu turun hujan.,34,2024-09-10T14:52:30Z
@FirmanSkC,Sangat luar biasağŸ‰ğŸ‰ğŸ‰â¤â¤â¤ğŸ‡®ğŸ‡©ğŸ”¥,1,2024-09-10T14:52:21Z
@Dyliano-simon,ğŸ‡®ğŸ‡©ğŸ¤ğŸ‡­ğŸ‡²ğŸŒ¹,1,2024-09-10T14:52:13Z
@ahmadmukhlis9234,Australia butuh pelatih fahkri husaini assiten pelatih bung towel,11,2024-09-10T14:50:30Z
@Zhxt666,No free live broadcast in Australia is ridiculous.,412,2024-09-10T14:50:16Z
@anugrahromi4851,"ğŸ˜‚ *_""SOCCEROOS""_* become *_""SUCKEROOS""_* ğŸ˜‚",10,2024-09-10T14:48:59Z
@zeliascrowe,"Indonesian playing solid defense but they cant win if they cant make a goals haha..
Hey INDONESIA! Score some Nasty Goals next time u guys hear me?!ğŸ¤ª",4,2024-09-10T14:48:55Z
@bamabangsaptodewo,132ğŸ˜«ğŸ˜«ğŸ˜«ğŸ‡®ğŸ‡©â¤ğŸ‘ˆ,0,2024-09-10T14:47:54Z
@DonieProperti,Peringkat hanya lah sebuah angka ğŸ—¿ğŸ—¿,7,2024-09-10T14:47:36Z
@danishzikri3975,"Bad pitch ğŸ˜¢
Say no to GBK
Say yes to GBT, surabaya kayanya lebih angker buat next match",7,2024-09-10T14:47:17Z
@zyaravie911,"Even against a super low rank team like Indonesia, Socceroos can't score? Embarrassing",27,2024-09-10T14:46:05Z
@danishzikri3975,Indo got wrong formation n composition kayanyağŸ˜¢,0,2024-09-10T14:45:44Z
@andriandjaya,ğŸ˜‚ğŸ˜‚ğŸ˜‚,0,2024-09-10T14:42:45Z
@ekorahendranur,"133 FIFA vs 24 FIFA 
0-0 ğŸ˜‚ğŸ˜‚ğŸ˜‚ğŸ¤£ğŸ¤£ğŸ¤£ğŸ¤£",3,2024-09-10T14:42:09Z
@aremaniapasuruan8454,Iam from indonesiaâ¤,0,2024-09-10T14:41:27Z
@Bsrpro,Hallo kanguru ğŸ˜‚,1,2024-09-10T14:40:26Z
@Mainaja_seru,Menyala GarudağŸ”¥ğŸ¦…âš½ğŸ˜,1,2024-09-10T14:39:56Z
@akmalofficial1634,"Alhamdulillah stadion ini membawa keberkahan untuk timnas Indonesia 
At gelora bung Karno stadium
    0-0
Final score",17,2024-09-10T14:39:46Z
@machasakran7765,"I wonder how much points will they get in remaining 3 matches, China, Saudi and Japan...",54,2024-09-10T14:39:42Z
@Juice558,Bring Ange in FFS,0,2024-09-10T14:39:13Z
@Daniel-s7m6j,You guys play soccer for a living? ğŸ¤· What a joke.,0,2024-09-10T14:38:56Z
@Ù†ÙˆØ±Ù‡Ø§Ù„ÙŠÙ…Ø§Ù†ÙŠÙ‡-Ø¬2Ù‚,"nhn msna aldr wyn alamh alaslamyh bkyt mtna mn alqhr lmn ashky ya nas nhn nmwt mn aljwe wallh matklmt ala mn jwe wmn dyq alhal ana wkaml asrty tshrdna mn bywtna basabab alaharab nahan fay halah layaealam baha ala alalah hasabana alalah wwannaeam alawkyal fay man awwansalana alaa hadha alahal wallh tebt mn hdha aldnya wallh yakhwan tebt akhtk fy hal myelm bh ala allh wwanalalah alaeazayam ma ktabat hadha alamanashadah ghayar man aladayaq wwalafaqar yaealam hasawwa fayana arajawwkm wwalalah alaeazayam rab alaearash alaeazayam anah alakl ma fay eanaday balabayat wwanalalah ya akhawwanay anah akhawwannay baqaeadawwan balayawwanmayan mafaa akl wwanalalah wwandaeana kthayar saeab nahan 5nafar dakhal alabayat wwanabay matawwanfay wwanla yawwanjad man yaeawwanl ealayana wwansaknayan fay bayat ajar lanasatatayae dafae alajar alalay baqay ealayana anay dkhlt ela allh thmm elyk any fy wjh allh thm fy wjhk any atrjak atwsl alyk tsaedny lwjh allh. allh yakhy mn alsabah huta alan yahurrm elyna alakl ghyr alma' any aqsm ballh alely alezym ela ktab allh any bnt ytymh mn wmey akhwan sghar aqsm ballh ela ktab allh an akhwty maead yqdrw yntqw bklmt mn shdt aljwe wbytna ayjar wsahb albyt mqdr drwfna yryd al'ijar aw bykhrjna 'ila alshare w any asalk ballh wanshdk bmhmd rswl allh ya akhy lwant mslm wthb alkhyr ank tsaedny bqdr asttaetk an ttwasl mey aw traslny wtsab ela hdha alrqm 00967,715637689 wttlb asm btaqty wtrsly wla ttakhr wayewdk allh bkl khyr fyaakhy ant rjal 'idha shft asrtk jaweyn teml almsthyl mn ajl tamn lhm alakl wlkn anabnt eyny bsyrh wydy qsyrh lys ly ab mthlk ysmh dmeta wyhmyna mn aldhl walahan .ğŸ¥ºwakhwany sghar saedna anqdhna qbl an ytrdwna fy alshare ntbhdl aw nmwt mn aljwe ana aqsm ballh aldhy rfe sbe smwat bla emd wbst alard wmhdany laakdhb elyk bhrf mn hdha alrsalh wany matlbtk 'ila mn dyq wqswt aldrwf walhal aldhy ahnafyh wany wasrty nsalk ballh lwlk mqdrh ela msaedtna ank ltakhr elyna ahna fy ashd alhajt waldrwf alqasyh jzak allh khyr aljza whsby allh wnem alwkyl fy mn yqwl any nsabh mn alafdl endma la telm drwf alkharyn tltzm alsmt la hwl wla qwh ala ballh aldhy yqdr ysaedna ytslby ytakdwyshwf wdena lnfsh;-'-""!;'(')""\|\(/()\|Â¶â‚¬(/)'|\â‚¬\>|\â‰§>>;/:;-/;;!;?;""????â™¡] â™¡]> â™¡]> â™¡>] â™¡>] â™¡>]>}â™¡â™¡}>â™¡â™¡}>â™¡â™¡}>â™¡â™¡}>",0,2024-09-10T14:36:48Z
@hendrikalie1391,Haha nice game ğŸ‡­ğŸ‡² from ğŸ‡®ğŸ‡© ğŸ˜…ğŸ˜…,2,2024-09-10T14:36:48Z
@BudiRaharjo-n9v,Go Garuda,1,2024-09-10T14:35:47Z
@susantrai9431,CoachğŸ˜¡..couldnâ€™t see a match winner player,0,2024-09-10T14:33:09Z
@tomjones8293,"Bunch of Scottish/Cypriot/Italian/Maltese ""kangaroos"" in GBK",3,2024-09-10T14:27:45Z
@Eduardo_Henrique7,"Poor football, poor, poor, poor... The worst Socceroos team in two decades, with a football archaic, pragmatic, drowsy, slow,  ridiculous, a joke, a great joke.

ARNOLD OUT!!!",27,2024-09-10T14:27:19Z
@ozspace100,Need to change the coach,1,2024-09-10T14:25:29Z
@YogaYoga-f5q,24 vs 132 ğŸ˜‚,86,2024-09-10T14:25:15Z
@Eduardo_Henrique7,"If Arnold is not fired, a disaster will happen, we'll be out of the World Cup after 24 years. Socceroos presents poor and archaic football. If against Bahrein and Indonesia was this, imagine against Saudi Arabia and Japan. Ridiculous, so ridiculous that I couldn't sleep  cause I got angry watching this poor football. Thats a joke.",136,2024-09-10T14:25:01Z
@MRBIGHDOGGSIR,Being an Australian football fan guarantees you a lifetime of pain and frustration.,687,2024-09-10T14:24:28Z
@leroyjang,"2 matches
0 goalâ€¦

socceroos â¤ m.o.n.e.y",14,2024-09-10T14:24:11Z
@anastasios3006,Australia couldn't put their chances away & the pitch was a shocker. Qualification is going to be tough.,25,2024-09-10T14:22:23Z
@Dani-jq6db,"Sack him tomorrow morning pathetic no system ,intent ,just excuses.",0,2024-09-10T14:21:32Z
@Captain_ATK,"GG Indonesia, as an Australian you are looking strong ğŸ¤",160,2024-09-10T14:20:43Z
@panitiaKiamat999,Cepet banget uploade,5,2024-09-10T14:19:57Z
@adam248,"Still 8 games left tho, so...",2,2024-09-10T14:19:11Z
@jaredbradley6181,That pitch looked unacceptable!,6,2024-09-10T14:16:59Z
@brunzpersib6396,Lol Australia ğŸ˜‚,1,2024-09-10T14:16:00Z
@A-LeagueCritic,Not going to America,0,2024-09-10T14:15:13Z
@HemmzHehehe,indonesiaâ¤ğŸ‡®ğŸ‡©ğŸ‡®ğŸ‡©,61,2024-09-10T14:14:11Z
@rockstar1857,Hi,0,2024-09-10T14:13:22Z
